"trade_id","chronological_fold","entry_ts","exit_ts","direction","side","weekday","utc_hour","month","gann_state","gann_high_slope","gann_low_slope","normalized_ma_distance","bars_since_gann_flip","breakout_age_bars","donchian_channel_width_pct","donchian_breakout_distance_atr","atr_pct","recent_return_20","recent_range_20","recent_volatility_20","recent_cross_count","stop_distance_atr","stop_distance_pct","gap_fill","entry_price","stop_price","entry_exposure_pct","initial_risk_pct","quality_label","net_pnl","gross_pnl","return_on_equity_pct","mfe_r","mae_r","bars_held","exit_reason"
"tr_3e2565d6c01a","1","2017-11-03T18:00:00+00:00","2017-11-06T15:00:00+00:00","long","long","4","18","11","1","0,006952","-0,007238","0,0026358","0","1","0,00665097","0,416794","0,00109183","0,00225415","0,00585461","0,00090118","2","3,182061","0,00347395","True","114,279","113,882","60,0","0,2084","worthwhile","-4,28","-4,07","-0,0857","1,1537","-0,8186","21","gann_state_exit"
"tr_0972c5db41d6","1","2017-11-09T11:00:00+00:00","2017-11-10T12:00:00+00:00","short","short","3","11","11","-1","-0,002286","-0,003667","-0,00258576","3","4","0,00593655","-0,861665","0,00143108","0,00063457","0,00593655","0,00083481","2","2,5","0,00358218","False","113,392","113,7982","60,0514","0,2151","worthwhile","0,05","0,26","0,0011","0,741","-0,741","25","gann_state_exit"
"tr_0328bc4c7119","1","2017-11-14T02:00:00+00:00","2017-11-14T17:00:00+00:00","long","long","1","2","11","1","-0,002095","-0,00181","0,0014021","7","8","0,0043396","-0,965823","0,00099342","-0,00050149","0,00395229","0,00059439","2","2,5","0,00248112","False","113,716","113,4339","80,0677","0,1987","worthwhile","-8,28","-8,0","-0,1658","0,6947","-0,9676","15","gann_state_exit"
"tr_f7fb23677105","1","2017-11-17T03:00:00+00:00","2017-11-20T16:00:00+00:00","short","short","4","3","11","-1","0,00019","-0,006","-0,00163903","0","1","0,00587089","-2,271373","0,00130211","-0,0012205","0,00527761","0,00082163","3","3,094236","0,00404107","False","112,594","113,049","60,1505","0,2431","worthwhile","8,58","8,79","0,1721","1,5582","-0,2","37","gann_state_exit"
"tr_6df25ab97bd2","1","2017-11-27T14:00:00+00:00","2017-11-28T06:00:00+00:00","short","short","0","14","11","-1","-0,007143","-0,007095","-0,00253276","10","11","0,00483691","-0,906352","0,00105147","-0,00245736","0,00483691","0,00057717","1","2,5","0,00263122","False","111,12","111,4124","80,0629","0,2107","worthwhile","-2,8","-2,52","-0,056","0,9508","-0,708","16","gann_state_exit"
"tr_e4f0bd4f32f9","1","2017-12-01T16:00:00+00:00","2017-12-01T18:00:00+00:00","long","long","4","16","12","1","0,020333","0,024429","0,0028282","0","1","0,00907381","0,279689","0,00152223","0,00205313","0,00423977","0,00105858","2","2,5","0,0038052","True","112,753","112,324","60,0809","0,2286","worthwhile","-11,72","-11,51","-0,2348","0,2844","-3,1442","2","stop"
"tr_5c19001f2952","1","2017-12-06T04:00:00+00:00","2017-12-07T04:00:00+00:00","short","short","2","4","12","-1","-0,003524","-0,005476","-0,00197067","2","3","0,00445496","-0,66879","0,00126311","-0,00111915","0,00439271","0,00064086","4","2,5","0,00316049","False","112,362","112,7171","60,2222","0,1903","worthwhile","-3,06","-2,85","-0,0615","1,0419","-0,352","24","gann_state_exit"
"tr_609212b9b6c2","1","2017-12-13T05:00:00+00:00","2017-12-15T19:00:00+00:00","short","short","2","5","12","-1","0,000857","-0,000333","-0,00082257","2","3","0,00362226","-1,935154","0,00086076","0,00048497","0,00334905","0,00046871","1","2,5","0,00215554","False","113,274","113,5182","80,3456","0,1732","worthwhile","20,49","20,77","0,4115","5,0908","-0,7372","62","gann_state_exit"
"tr_3ffce3bc1ba7","1","2017-12-28T06:00:00+00:00","2018-01-02T04:00:00+00:00","short","short","3","6","12","-1","-0,00119","-0,001143","-0,00113456","1","2","0,00236843","-0,490598","0,00073856","-0,00023855","0,00236843","0,00040121","2","2,5","0,00184709","False","113,112","113,3209","80,0163","0,1478","worthwhile","13,2","13,48","0,2641","3,0585","0,0","46","gann_state_exit"
"tr_29cdc1b5fb76","1","2018-01-02T11:00:00+00:00","2018-01-03T07:00:00+00:00","short","short","1","11","1","-1","0,004381","-0,006","-0,00271683","0","1","0,00530315","0,888619","0,00087115","-0,00149262","0,00371043","0,0007489","2","2,604572","0,00226903","True","112,383","112,638","99,757","0,2264","worthwhile","1,83","2,18","0,0365","1,2863","-0,0549","20","gann_state_exit"
"tr_9b4a8a4358a1","1","2018-01-04T03:00:00+00:00","2018-01-08T15:00:00+00:00","long","long","3","3","1","1","0,016286","0,013429","0,0033093","9","10","0,00558198","-0,506702","0,00094575","0,00319608","0,00477441","0,00067896","4","2,5","0,00236321","False","112,74","112,4736","99,7206","0,2357","worthwhile","13,89","14,24","0,277","2,4284","-0,9421","60","gann_state_exit"
"tr_42729050fdce","1","2018-01-10T03:00:00+00:00","2018-01-11T08:00:00+00:00","short","short","2","3","1","-1","0,004905","-0,010238","-0,00323867","0","1","0,00754603","-0,071828","0,00136276","-0,00213112","0,00566842","0,00127213","2","2,749067","0,00374675","False","112,364","112,785","59,6671","0,2236","worthwhile","14,3","14,51","0,2845","2,601","-0,038","29","gann_state_exit"
"tr_8ff33a15608f","1","2018-01-12T21:00:00+00:00","2018-01-16T05:00:00+00:00","short","short","4","21","1","-1","-0,002333","-0,009143","-0,0026187","0","1","0,0072039","-0,449524","0,00162259","-0,00160928","0,00653754","0,00126493","2","2,5","0,00405951","False","110,968","111,4185","59,4978","0,2415","worthwhile","1,22","1,43","0,0243","1,4185","-0,4795","32","gann_state_exit"
"tr_16393df7c38e","1","2018-01-16T21:00:00+00:00","2018-01-17T05:00:00+00:00","short","short","1","21","1","-1","0,008048","0,002714","-0,00255327","0","1","0,00592546","-1,412496","0,00135137","-4,523E-05","0,00462276","0,00087722","2","2,737966","0,00370716","False","110,327","110,736","59,4834","0,2205","worthwhile","-11,34","-11,13","-0,2249","0,3276","-0,9902","8","stop"
"tr_75e8bb7af2ad","1","2018-01-23T13:00:00+00:00","2018-01-26T00:00:00+00:00","short","short","1","13","1","-1","-0,007143","-0,00619","-0,00318401","2","3","0,00620922","-0,788969","0,00161525","-0,00202946","0,00620922","0,00119426","3","2,5","0,00404335","False","110,499","110,9458","59,6175","0,2411","worthwhile","29,46","29,67","0,5854","4,4742","-0,1321","59","gann_state_exit"
"tr_1d3c0937c0a1","1","2018-01-26T02:00:00+00:00","2018-01-26T09:00:00+00:00","long","long","4","2","1","1","0,022905","0,022857","0,00704184","4","5","0,01112418","-0,279702","0,00244498","0,0059437","0,01112418","0,0020999","1","2,5","0,00610815","False","109,748","109,0776","39,5137","0,2414","bad","-12,47","-12,33","-0,2463","0,0","-1,2381","7","stop"
"tr_6719408dbc84","1","2018-01-26T17:00:00+00:00","2018-01-29T12:00:00+00:00","short","short","4","17","1","-1","0,039143","0,000667","-0,00658188","0","1","0,0116923","-0,69242","0,00271029","0,00140948","0,0116923","0,00255617","4","3,709876","0,01007392","False","108,498","109,591","19,8056","0,1995","bad","-2,78","-2,71","-0,0551","0,1976","-0,5151","19","gann_state_exit"
"tr_2c7aa7bf8163","1","2018-01-31T17:00:00+00:00","2018-02-02T01:00:00+00:00","long","long","2","17","1","1","0,005476","0,005238","0,00179291","1","2","0,00623388","-1,16458","0,00146633","0,00102933","0,00456294","0,0006709","3","2,5","0,00365951","False","109,109","108,7097","59,4496","0,2176","worthwhile","9,19","9,4","0,1821","1,6079","-0,2905","32","gann_state_exit"
"tr_333a9ed8c5d4","1","2018-02-02T08:00:00+00:00","2018-02-05T05:00:00+00:00","long","long","4","8","2","1","0,004952","0,008476","0,00219999","3","4","0,00684882","-0,535208","0,00165282","0,00020979","0,00478779","0,00090818","2","2,5","0,00412832","False","109,753","109,2999","59,3415","0,245","worthwhile","2,9","3,11","0,0574","1,6133","-0,2825","21","gann_state_exit"
"tr_9c0ef0ffb130","1","2018-02-05T22:00:00+00:00","2018-02-06T18:00:00+00:00","short","short","0","22","2","-1","-0,018286","-0,021667","-0,00298615","0","1","0,00764834","-0,286614","0,00165391","-0,00306269","0,00576132","0,00108918","3","2,5","0,0041368","False","109,643","110,0966","59,3075","0,2453","worthwhile","8,98","9,19","0,1776","2,617","-0,0243","20","gann_state_exit"
"tr_e94709553f87","1","2018-02-07T22:00:00+00:00","2018-02-08T01:00:00+00:00","long","long","2","22","2","1","-0,008429","-0,008524","0,00191695","3","4","0,00756856","-1,538643","0,00184165","-0,00208886","0,0071755","0,00103234","2","2,5","0,00459102","False","109,712","109,2083","39,4683","0,1812","bad","-9,4","-9,26","-0,1855","0,0","-1,1495","3","stop"
"tr_7ca31b8aadf1","1","2018-02-08T08:00:00+00:00","2018-02-08T18:00:00+00:00","long","long","3","8","2","1","0,02981","0,029429","0,00396453","1","2","0,0072138","-0,264913","0,00203112","0,0051794","0,00710436","0,00127143","3","2,5","0,00507498","False","109,712","109,1552","39,5416","0,2007","bad","-8,73","-8,59","-0,1725","0,1131","-0,8818","10","gann_state_exit"
"tr_9c4c1e5284a2","1","2018-02-08T18:00:00+00:00","2018-02-09T13:00:00+00:00","short","short","3","18","2","-1","-0,003524","-0,001762","-0,00328837","0","1","0,00791798","-1,496066","0,00199464","-0,00141682","0,00609639","0,00132418","3","2,932474","0,00586685","False","108,917","109,556","39,61","0,2324","worthwhile","-4,32","-4,18","-0,0855","0,662","-0,615","19","gann_state_exit"
"tr_22d4109c9145","1","2018-02-09T18:00:00+00:00","2018-02-16T17:00:00+00:00","short","short","4","18","2","-1","-0,002857","-0,001762","-0,00340202","3","4","0,01187026","-0,736914","0,00226012","-0,00165358","0,00750863","0,00132045","2","2,5","0,00565984","False","108,492","109,106","39,6439","0,2244","worthwhile","41,31","41,45","0,8189","4,7977","-0,6416","119","gann_state_exit"
"tr_5291995e711a","1","2018-02-22T14:00:00+00:00","2018-02-23T11:00:00+00:00","short","short","3","14","2","-1","-0,007952","-0,003952","-0,00310343","11","12","0,00700103","-1,028655","0,00181252","-0,00320587","0,0069917","0,00093675","1","2,5","0,00453984","False","107,068","107,5541","39,3219","0,1785","worthwhile","4,18","4,32","0,0823","0,9731","-0,1358","21","gann_state_exit"
"tr_b9495c54a0b3","1","2018-02-23T17:00:00+00:00","2018-02-26T00:00:00+00:00","short","short","4","17","2","-1","-0,004524","-0,003095","-0,0013491","2","3","0,00949678","-1,18931","0,00140173","-0,00051485","0,00504809","0,00084046","2","2,5","0,00351024","False","106,593","106,9672","58,9345","0,2069","bad","-16,95","-16,74","-0,3329","0,1122","-1,5715","7","stop"
"tr_401592e8fb8d","1","2018-02-26T04:00:00+00:00","2018-02-26T16:00:00+00:00","short","short","0","4","2","-1","-0,005095","-0,01481","-0,00235803","0","1","0,00627186","-0,88403","0,00164374","-0,00275799","0,00627186","0,00111254","4","2,5","0,00411542","False","106,51","106,9483","59,1314","0,2434","worthwhile","-10,18","-9,97","-0,2006","0,308","-0,8122","12","gann_state_exit"
"tr_8257cb7175bf","1","2018-02-28T17:00:00+00:00","2018-03-01T17:00:00+00:00","short","short","2","17","2","-1","-0,02181","-0,017095","-0,00169747","9","10","0,0081508","-2,092203","0,00143694","-0,00183592","0,00558325","0,00093455","1","2,5","0,00360325","False","106,782","107,1668","59,2502","0,2135","worthwhile","-11,04","-10,83","-0,218","0,6186","-1,0968","24","stop"
"tr_19438513e3a5","1","2018-03-01T21:00:00+00:00","2018-03-05T16:00:00+00:00","short","short","3","21","3","-1","0,00281","-0,008143","-0,00347533","0","1","0,00708034","0,311911","0,00156551","-0,00152829","0,00672351","0,00106814","2","2,5","0,00391389","True","106,489","106,9058","59,3797","0,2324","worthwhile","22,93","23,14","0,4538","2,9799","0,0","43","gann_state_exit"
"tr_5147e2983e8e","1","2018-03-13T10:00:00+00:00","2018-03-13T18:00:00+00:00","long","long","1","10","3","1","0,016333","0,011857","0,00405603","3","4","0,00672767","-0,816083","0,00115804","0,0029091","0,00605397","0,00083407","1","2,5","0,00289231","False","106,975","106,6656","78,8152","0,228","worthwhile","-11,96","-11,68","-0,2356","1,031","-1,3025","8","stop"
"tr_bd0afccfda82","1","2018-03-16T10:00:00+00:00","2018-03-16T18:00:00+00:00","short","short","4","10","3","-1","-0,003952","-0,001286","-0,00198879","5","6","0,00593671","-1,029229","0,00152227","0,0004438","0,00540816","0,00101936","2","2,5","0,00381171","False","105,783","106,1862","59,2511","0,2258","worthwhile","-11,0","-10,79","-0,2173","0,4464","-0,9275","8","gann_state_exit"
"tr_371160f66223","1","2018-03-20T04:00:00+00:00","2018-03-21T13:00:00+00:00","long","long","1","4","3","1","0,013333","0,008857","0,00134088","5","6","0,00593156","-1,747793","0,0014244","0,00315013","0,00593156","0,00083929","3","2,5","0,00355209","False","106,309","105,9314","59,3801","0,2109","worthwhile","-0,32","-0,11","-0,0064","0,7918","-0,5985","33","gann_state_exit"
"tr_4f3ff7f9352a","1","2018-03-21T22:00:00+00:00","2018-03-26T12:00:00+00:00","short","short","2","22","3","-1","0,004381","-0,023143","-0,00302914","11","12","0,00585231","-1,410275","0,00122288","-0,00400792","0,00585231","0,00047453","1","5,494679","0,00673105","False","105,927","106,64","19,7946","0,1332","worthwhile","9,06","9,13","0,1793","1,8177","-0,2216","62","gann_state_exit"
"tr_0adf3b401ad6","1","2018-03-28T13:00:00+00:00","2018-03-29T17:00:00+00:00","long","long","2","13","3","1","-0,010333","-0,007619","0,00170433","0","1","0,00558347","-1,586817","0,0014015","-0,00071871","0,00463712","0,00078921","2","2,5","0,00349591","False","105,906","105,5358","59,2775","0,2072","worthwhile","12,57","12,78","0,2483","2,9873","-0,0891","28","gann_state_exit"
"tr_3f2bc1b739be","1","2018-04-02T18:00:00+00:00","2018-04-03T14:00:00+00:00","short","short","0","18","4","-1","0,010095","0,000476","-0,00121177","0","1","0,00307852","-1,056535","0,00086433","-3,766E-05","0,00265487","0,00051463","2","3,463693","0,00299658","False","106,121","106,439","78,8409","0,2363","worthwhile","-3,59","-3,31","-0,0708","1,456","-0,4654","20","gann_state_exit"
"tr_b04ad756d5b8","1","2018-04-03T16:00:00+00:00","2018-04-04T11:00:00+00:00","long","long","1","16","4","1","0,003524","0,012381","0,0038473","4","5","0,00745089","-1,045925","0,00138517","0,00266003","0,00607737","0,00098483","1","2,5","0,00345785","False","106,452","106,0839","59,1725","0,2046","worthwhile","-10,68","-10,47","-0,2106","0,6384","-1,2551","19","stop"
"tr_79df0fbd01ae","1","2018-04-04T21:00:00+00:00","2018-04-06T18:00:00+00:00","long","long","2","21","4","1","-0,001524","-0,004","0,00213","3","4","0,00654012","-0,725894","0,00147362","-0,00019701","0,00654012","0,00116025","2","2,5","0,00368003","False","106,689","106,2964","59,2974","0,2182","worthwhile","11,75","11,96","0,2322","2,0478","-0,0229","45","gann_state_exit"
"tr_3b7596f9c9b5","1","2018-04-09T21:00:00+00:00","2018-04-10T05:00:00+00:00","short","short","0","21","4","-1","-0,000905","0,003143","-0,00143814","1","2","0,00625719","-1,157545","0,00113929","2,806E-05","0,00374122","0,00055138","2","2,5","0,00285204","False","106,774","107,0785","78,8801","0,225","worthwhile","-11,73","-11,45","-0,2313","0,5188","-1,5467","8","stop"
"tr_4400ccc0826f","1","2018-04-10T09:00:00+00:00","2018-04-10T10:00:00+00:00","long","long","1","9","4","1","0,001476","0,001381","0,00248713","3","4","0,00587071","-0,451056","0,00126223","-9,33E-06","0,00587071","0,00095827","2","2,5","0,00315373","False","107,205","106,8669","79,0629","0,2493","bad","-13,01","-12,73","-0,2572","0,0","-1,1772","1","stop"
"tr_7660c942402c","1","2018-04-12T16:00:00+00:00","2018-04-13T22:00:00+00:00","long","long","3","16","4","1","0,020619","0,021952","0,0036737","7","8","0,00552053","-0,123433","0,00113324","0,00345289","0,00505427","0,00066287","1","2,5","0,00283264","False","107,253","106,9492","79,2668","0,2245","worthwhile","5,9","6,18","0,1169","1,7313","-0,5661","30","gann_state_exit"
"tr_a5ed3b4d9962","1","2018-04-18T04:00:00+00:00","2018-04-19T22:00:00+00:00","long","long","2","4","4","1","0,005429","-0,000619","0,00179307","0","1","0,00381583","-1,226434","0,00086721","0,00117692","0,00307879","0,00060282","3","3,16291","0,00273996","False","107,301","107,007","79,1742","0,2169","worthwhile","3,3","3,58","0,0652","0,7313","-0,6939","42","gann_state_exit"
"tr_3ba617ffd8ab","1","2018-04-20T03:00:00+00:00","2018-04-20T22:00:00+00:00","long","long","4","3","4","1","-0,00119","-0,001571","0,00102779","0","1","0,00389974","-0,754058","0,00090103","0,00026067","0,00247573","0,00052427","2","2,5","0,00225101","False","107,518","107,276","98,9032","0,2226","worthwhile","2,9","3,25","0,0574","1,4007","-0,4256","19","gann_state_exit"
"tr_19e3976a9bfe","1","2018-04-23T02:00:00+00:00","2018-04-24T22:00:00+00:00","long","long","0","2","4","1","0,003429","0,011762","0,00182598","1","2","0,00572446","-0,670406","0,0010241","0,00117038","0,00350705","0,00064384","2","2,5","0,00255845","False","107,859","107,583","79,0772","0,2023","worthwhile","29,72","30,0","0,5875","4,8668","-0,4638","44","gann_state_exit"
"tr_d65ad60f5f29","1","2018-04-25T10:00:00+00:00","2018-04-26T16:00:00+00:00","long","long","2","10","4","1","0,014667","0,012143","0,00308483","5","6","0,00603662","-0,254943","0,00125758","0,00292148","0,00603662","0,00098547","2","2,5","0,00314287","False","109,204","108,8608","78,6153","0,2471","worthwhile","-1,64","-1,36","-0,0321","0,7721","-0,6439","30","gann_state_exit"
"tr_77d345d30a03","1","2018-04-27T15:00:00+00:00","2018-04-27T16:00:00+00:00","long","long","4","15","4","1","-0,000714","0,005476","0,00072613","4","5","0,00389678","-1,380107","0,00098095","0,00024704","0,00317414","0,0005081","3","2,5","0,00244901","False","109,471","109,2029","98,3008","0,2407","bad","-12,72","-12,37","-0,25","0,0","-1,2719","1","stop"
"tr_b1c07a5bbf47","1","2018-04-27T17:00:00+00:00","2018-04-30T12:00:00+00:00","short","short","4","17","4","-1","0,000619","-0,002857","-0,0013753","0","1","0,00434042","-1,204638","0,00107181","-0,00083259","0,00374522","0,00048364","4","2,5","0,00268303","False","109,063","109,3556","78,8378","0,2115","worthwhile","-9,61","-9,33","-0,1894","0,2597","-0,909","19","gann_state_exit"
"tr_faa52712ec99","1","2018-05-03T12:00:00+00:00","2018-05-04T19:00:00+00:00","short","short","3","12","5","-1","-0,007571","-0,00919","-0,00165452","8","9","0,00439556","-1,111857","0,00116468","-0,00110223","0,00439556","0,00067678","3","2,5","0,00291553","False","109,512","109,8313","78,9874","0,2303","worthwhile","12,03","12,31","0,2376","2,706","-0,072","31","gann_state_exit"
"tr_04417cea4ef1","1","2018-05-07T10:00:00+00:00","2018-05-07T22:00:00+00:00","long","long","0","10","5","1","0,006381","0,006048","0,00213913","2","3","0,00573197","-0,41465","0,00136912","0,00233117","0,00573197","0,00112888","5","2,5","0,00342078","False","109,276","108,9022","59,1001","0,2022","worthwhile","-6,29","-6,08","-0,1239","0,3264","-0,6982","12","gann_state_exit"
"tr_9f019d243579","1","2018-05-14T10:00:00+00:00","2018-05-16T13:00:00+00:00","long","long","0","10","5","1","0,006429","0,002381","0,00209163","2","3","0,00380878","-0,780531","0,00098297","0,00183926","0,00311461","0,00063836","1","2,5","0,00245549","False","109,57","109,301","98,6224","0,2422","worthwhile","26,07","26,42","0,5142","3,2894","-0,5538","51","gann_state_exit"
"tr_bc8287270d0c","1","2018-05-17T09:00:00+00:00","2018-05-18T20:00:00+00:00","long","long","3","9","5","1","0,004333","0,005238","0,00080028","1","2","0,00329225","-1,509905","0,00117731","0,0009623","0,00329225","0,00077822","5","2,5","0,00293801","False","110,457","110,1325","78,4943","0,2306","worthwhile","5,58","5,86","0,1095","1,9259","-0,037","35","gann_state_exit"
"tr_d87f8a6ce3fa","1","2018-05-21T06:00:00+00:00","2018-05-21T22:00:00+00:00","long","long","0","6","5","1","0,005619","0,006429","0,00226823","2","3","0,00425003","-0,203472","0,00106208","0,0021205","0,00425003","0,00077648","2","2,5","0,00265458","False","111,084","110,7891","78,4085","0,2081","worthwhile","0,73","1,01","0,0143","1,0581","-0,2849","16","gann_state_exit"
"tr_f26294c55984","1","2018-05-22T14:00:00+00:00","2018-05-25T06:00:00+00:00","short","short","1","14","5","-1","-0,012524","-0,010667","-0,00072766","3","4","0,00500951","-1,449773","0,00103785","-0,00191543","0,00375713","0,00069753","3","2,5","0,00259859","False","110,82","111,108","78,3972","0,2037","worthwhile","44,84","45,12","0,8788","6,4797","-0,9029","64","gann_state_exit"
"tr_a13ff0f40950","1","2018-05-29T04:00:00+00:00","2018-05-30T12:00:00+00:00","short","short","1","4","5","-1","-0,003762","-0,011238","-0,00216105","0","1","0,00634581","-0,412821","0,00102035","-0,00182805","0,00435873","0,00066513","4","2,5","0,002552","False","109,158","109,4366","97,1428","0,2479","worthwhile","22,29","22,64","0,433","3,7513","0,0","32","gann_state_exit"
"tr_b6c27a29f403","1","2018-05-31T17:00:00+00:00","2018-05-31T20:00:00+00:00","short","short","3","17","5","-1","-0,011762","-0,021619","-0,0036732","0","1","0,00567904","0,012605","0,00146278","-0,0043052","0,0050337","0,00113449","3","2,5","0,00365699","True","108,468","108,8647","58,0344","0,2122","bad","-11,2","-10,99","-0,2166","0,0","-1,0361","3","stop"
"tr_06953227cf78","1","2018-06-01T04:00:00+00:00","2018-06-04T16:00:00+00:00","long","long","4","4","6","1","0,006143","0,005714","0,00174922","0","1","0,00631975","-1,236686","0,00155238","0,00143502","0,00567676","0,00113725","3","2,5","0,00387345","False","109,076","108,6535","58,1604","0,2253","worthwhile","11,6","11,81","0,2248","1,6379","-0,1467","36","gann_state_exit"
"tr_71725f0ff39b","1","2018-06-04T22:00:00+00:00","2018-06-05T18:00:00+00:00","long","long","0","22","6","1","0,012952","0,010667","0,00174837","4","5","0,00554973","-0,281478","0,00106837","0,0016613","0,00361781","0,00057725","2","2,5","0,00267009","False","109,77","109,4769","77,3732","0,2066","worthwhile","1,5","1,78","0,0291","0,8018","-0,5766","20","gann_state_exit"
"tr_afbcecf1268b","1","2018-06-06T09:00:00+00:00","2018-06-07T07:00:00+00:00","long","long","2","9","6","1","0,005571","0,006714","0,00145303","6","7","0,00484143","-1,037891","0,00105218","0,00114797","0,00455021","0,00068524","2","2,5","0,00262754","False","110,007","109,718","77,3507","0,2032","worthwhile","-2,28","-2,0","-0,0441","0,896","-0,4913","22","gann_state_exit"
"tr_08948b508853","1","2018-06-11T09:00:00+00:00","2018-06-13T19:00:00+00:00","long","long","0","9","6","1","0,017905","0,021714","0,00326481","3","4","0,00595786","-1,276243","0,0012563","0,00418062","0,00580299","0,00094818","1","2,5","0,00313565","False","109,949","109,6042","77,3849","0,2427","worthwhile","16,64","16,92","0,3219","2,2305","-0,3046","58","gann_state_exit"
"tr_d36707603e1f","1","2018-06-19T03:00:00+00:00","2018-06-20T00:00:00+00:00","short","short","1","3","6","-1","0,004714","-0,009857","-0,00368858","0","1","0,0057203","1,667943","0,00090366","-0,00243653","0,00466704","0,00091423","2","4,179904","0,00377732","True","110,131","110,547","57,8524","0,2185","worthwhile","1,73","1,94","0,0333","1,3942","-0,0625","21","gann_state_exit"
"tr_c1db20819dbf","1","2018-06-21T17:00:00+00:00","2018-06-22T13:00:00+00:00","short","short","3","17","6","-1","0,003286","-0,000714","-0,00324794","1","2","0,00734353","-1,512563","0,00129027","-0,00052621","0,00587301","0,00093274","1","2,61005","0,00337432","False","109,948","110,319","57,8331","0,1951","worthwhile","-5,6","-5,39","-0,108","0,2884","-0,7278","20","gann_state_exit"
"tr_48fadfb6108f","1","2018-06-25T00:00:00+00:00","2018-06-26T01:00:00+00:00","short","short","0","0","6","-1","0,000762","0,00219","-0,00069568","6","7","0,0072274","-1,340244","0,00106495","0,0","0,00378189","0,0007523","2","2,5","0,00266651","True","109,828","110,1209","77,1941","0,2058","worthwhile","2,75","3,03","0,053","1,5741","-0,7444","25","gann_state_exit"
"tr_9c5a3bb70f77","1","2018-06-26T05:00:00+00:00","2018-06-26T10:00:00+00:00","short","short","1","5","6","-1","0,004286","-0,001238","-0,00175012","0","1","0,00620307","-0,629735","0,00137817","0,00018275","0,00620307","0,00099617","2","2,5","0,00344848","False","109,365","109,7421","57,8649","0,1995","bad","-9,81","-9,6","-0,1892","0,0","-0,9598","5","gann_state_exit"
"tr_8f1168ae51db","1","2018-06-26T17:00:00+00:00","2018-06-27T11:00:00+00:00","long","long","1","17","6","1","0,007619","0,008905","0,00213337","7","8","0,00618538","-1,81705","0,00135862","0,00263961","0,00618538","0,00106822","3","2,507663","0,00339852","False","110,048","109,674","57,9746","0,197","worthwhile","-8,99","-8,78","-0,1737","0,4465","-0,9706","18","gann_state_exit"
"tr_6b3c3e69893a","1","2018-06-27T15:00:00+00:00","2018-06-28T06:00:00+00:00","long","long","2","15","6","1","0,014381","0,00481","0,00270922","0","1","0,00892112","-0,181266","0,0013518","0,0023743","0,00603514","0,00103158","2","2,5","0,00337862","False","110,217","109,8446","58,0755","0,1962","worthwhile","-1,9","-1,69","-0,0368","0,7331","-0,674","15","gann_state_exit"
"tr_a23c878a1410","1","2018-06-28T21:00:00+00:00","2018-07-03T18:00:00+00:00","long","long","3","21","6","1","0,00719","0,005","0,00210934","4","5","0,00700985","-0,550088","0,00121834","0,00164195","0,00432908","0,0006973","4","2,5","0,00304375","False","110,492","110,1557","77,4625","0,2358","worthwhile","5,11","5,39","0,0989","1,9119","-0,3479","69","gann_state_exit"
"tr_d7601ad82eb6","1","2018-07-05T09:00:00+00:00","2018-07-06T13:00:00+00:00","long","long","3","9","7","1","0,00681","-0,004095","0,00218287","0","1","0,00381324","0,527963","0,00083864","0,0018377","0,00371384","0,00066247","3","3,340174","0,00280097","True","110,676","110,366","77,3859","0,2168","worthwhile","-2,02","-1,74","-0,039","0,3581","-0,8065","28","gann_state_exit"
"tr_c209676bfb90","1","2018-07-09T18:00:00+00:00","2018-07-11T02:00:00+00:00","long","long","0","18","7","1","0,010714","0,008238","0,0027083","2","3","0,00423599","-0,754295","0,00082621","0,00250813","0,00377536","0,0005141","1","2,5","0,0020642","False","110,789","110,5603","96,7702","0,1998","worthwhile","1,82","2,17","0,0351","2,4662","-0,1837","32","gann_state_exit"
"tr_ef6c1f3234a8","1","2018-07-11T18:00:00+00:00","2018-07-13T15:00:00+00:00","long","long","2","18","7","1","-0,000857","-0,002","0,00248868","6","7","0,00527475","-0,465298","0,00131323","-9,884E-05","0,00487038","0,00082845","2","2,5","0,00328101","False","111,355","110,9896","58,0417","0,1904","worthwhile","33,83","34,04","0,6545","3,9578","0,0","45","gann_state_exit"
"tr_c4de7aa2cdbb","1","2018-07-17T04:00:00+00:00","2018-07-17T10:00:00+00:00","long","long","1","4","7","1","-0,001762","-0,004905","0,0009899","0","1","0,00377154","-1,477854","0,00086071","-0,00048899","0,00268633","0,00048735","3","2,5","0,002149","False","112,566","112,3241","96,1071","0,2065","bad","-11,21","-10,86","-0,2154","0,0","-1,422","6","stop"
"tr_c1d7106e1bed","1","2018-07-19T15:00:00+00:00","2018-07-19T17:00:00+00:00","long","long","3","15","7","1","0,00881","0,008667","0,00148061","4","5","0,00431157","-1,769823","0,00093044","0,00116113","0,00380693","0,00048833","1","2,5","0,00232224","False","113,14","112,8773","96,3146","0,2237","bad","-12,08","-11,73","-0,2326","0,0","-1,1875","2","stop"
"tr_fa1e031c91a3","1","2018-07-19T21:00:00+00:00","2018-07-23T19:00:00+00:00","short","short","3","21","7","-1","-0,001476","-0,036905","-0,00531008","0","1","0,01002332","1,920807","0,00145055","-0,00435172","0,01002332","0,00124303","2","3,209527","0,00465572","True","112,335","112,858","38,6157","0,1798","worthwhile","17,32","17,46","0,3343","3,0287","-0,5526","46","gann_state_exit"
"tr_9fb0bdc93c14","1","2018-07-25T16:00:00+00:00","2018-07-26T18:00:00+00:00","short","short","2","16","7","-1","-0,009238","-0,004143","-0,00185406","3","4","0,0044302","-0,875768","0,00097677","-0,00203984","0,00360179","0,00046025","2","2,5","0,00244406","False","110,959","111,2302","96,2175","0,2352","worthwhile","-5,17","-4,82","-0,0994","1,368","-0,8334","26","gann_state_exit"
"tr_e4b98ce6b604","1","2018-07-27T15:00:00+00:00","2018-07-27T16:00:00+00:00","long","long","4","15","7","1","0,000762","0,005238","0,00090548","-1","4","0,00594558","-0,710562","0,00093675","-0,00028775","0,00297729","0,00060558","2","2,5","0,00234027","False","111,251","110,9906","96,3133","0,2254","bad","-12,42","-12,07","-0,2393","0,0","-1,3328","1","stop"
"tr_9f124efafaa3","1","2018-07-31T09:00:00+00:00","2018-08-01T21:00:00+00:00","long","long","1","9","7","1","0,00781","0,001","0,00266997","0","1","0,00636376","-1,307143","0,00125837","0,00180993","0,00636376","0,00070906","2","2,871429","0,00360732","False","111,44","111,038","57,9266","0,209","worthwhile","5,3","5,51","0,1023","1,7687","-0,9204","36","gann_state_exit"
"tr_71f71a9750b9","1","2018-08-03T16:00:00+00:00","2018-08-06T16:00:00+00:00","short","short","4","16","8","-1","0,00581","-0,002333","-0,00237595","1","2","0,00503347","-1,328139","0,00093227","-0,00151402","0,00453102","0,00060301","2","2,93538","0,00274","False","111,314","111,619","77,1565","0,2114","worthwhile","-5,91","-5,63","-0,1141","0,6984","-0,6951","24","gann_state_exit"
"tr_53e1429cd061","1","2018-08-08T10:00:00+00:00","2018-08-09T12:00:00+00:00","short","short","2","10","8","-1","-0,001143","-0,003095","-0,00200023","0","1","0,0043832","-1,263992","0,00081175","-0,00064761","0,0043832","0,00062612","2","3,171067","0,00257681","False","110,99","111,276","96,5557","0,2488","worthwhile","-7,01","-6,66","-0,1353","0,9895","-0,7063","26","gann_state_exit"
"tr_91df282439bd","1","2018-08-10T07:00:00+00:00","2018-08-10T08:00:00+00:00","short","short","4","7","8","-1","-0,005429","-0,004381","-0,00194529","3","4","0,00429347","-1,506089","0,00095224","-0,00162095","0,00303069","0,00067808","3","2,5","0,00238407","False","110,705","110,9689","96,6866","0,2305","bad","-12,33","-11,98","-0,2385","0,0","-1,167","1","stop"
"tr_3de113e003dd","1","2018-08-10T18:00:00+00:00","2018-08-13T18:00:00+00:00","short","short","4","18","8","-1","-0,005905","-0,014238","-0,00312215","1","2","0,0051762","-0,496151","0,00162044","-0,00299914","0,00504973","0,00121819","3","2,5","0,00405443","False","110,608","111,0565","58,1506","0,2358","worthwhile","-4,65","-4,44","-0,0902","1,1105","-0,9455","24","gann_state_exit"
"tr_963ee7d02ddb","1","2018-08-15T17:00:00+00:00","2018-08-16T15:00:00+00:00","short","short","2","17","8","-1","-0,008762","-0,00981","-0,00462136","2","3","0,00641031","-0,472795","0,00114577","-0,00438664","0,00641031","0,00067932","1","2,5","0,00286604","False","110,697","111,0143","77,6041","0,2224","worthwhile","-5,48","-5,2","-0,1063","0,8164","-0,7376","22","gann_state_exit"
"tr_157302980726","1","2018-08-17T14:00:00+00:00","2018-08-20T10:00:00+00:00","short","short","4","14","8","-1","-0,00481","-0,003762","-0,0033495","4","5","0,00603505","-0,579697","0,00096771","-0,00197761","0,00586314","0,00069089","2","2,5","0,00242068","False","110,457","110,7244","97,1083","0,2351","worthwhile","-7,31","-6,96","-0,142","0,5273","-0,7667","20","gann_state_exit"
"tr_1e513ce5ff79","1","2018-08-20T18:00:00+00:00","2018-08-21T15:00:00+00:00","short","short","0","18","8","-1","0,002571","0,00319","-0,00147116","2","3","0,00528789","-1,246439","0,00090805","-0,00138344","0,00291558","0,00046311","2","2,5","0,00227273","False","110,314","110,5647","97,2464","0,221","worthwhile","-1,08","-0,73","-0,0209","2,1538","-0,335","21","gann_state_exit"
"tr_d0e275b85995","1","2018-08-22T18:00:00+00:00","2018-08-24T20:00:00+00:00","long","long","2","18","8","1","-0,000286","0,001619","0,00182533","0","1","0,00485261","-0,664603","0,00125325","0,00038945","0,00433657","0,00078984","4","2,5","0,00313045","False","110,55","110,2039","77,8134","0,2436","worthwhile","23,1","23,38","0,4494","2,7104","-0,4797","50","gann_state_exit"
"tr_f546b9e02d6c","1","2018-08-30T21:00:00+00:00","2018-08-31T22:00:00+00:00","short","short","3","21","8","-1","-0,021476","-0,022571","-0,00355598","9","10","0,00624994","-0,722541","0,00097079","-0,00472572","0,00560247","0,00061739","1","2,5","0,00242871","False","111,121","111,3909","96,8317","0,2352","worthwhile","4,6","4,95","0,0892","1,6155","-0,0593","25","gann_state_exit"
"tr_1fc1c61d5b71","1","2018-09-13T15:00:00+00:00","2018-09-13T16:00:00+00:00","long","long","3","15","9","1","0,013524","0,01381","0,00234918","7","8","0,00437397","-0,835112","0,00088009","0,00241689","0,00437397","0,00055636","3","2,5","0,00219856","False","111,653","111,4075","96,7455","0,2127","bad","-11,46","-11,11","-0,2217","0,0","-1,1447","1","stop"
"tr_e4f97bf2b78d","1","2018-09-14T17:00:00+00:00","2018-09-17T11:00:00+00:00","long","long","4","17","9","1","0,005714","0,00519","0,00147852","1","2","0,0063294","-0,588695","0,00092503","0,00134983","0,00290135","0,00063991","2","2,5","0,00231127","False","112,08","111,821","96,9605","0,2241","worthwhile","-10,14","-9,79","-0,1966","0,3436","-0,884","17","gann_state_exit"
"tr_e95a1a4eff6a","1","2018-09-18T09:00:00+00:00","2018-09-18T11:00:00+00:00","long","long","1","9","9","1","0,002048","0,004857","0,00093478","3","4","0,00409935","-1,92926","0,00092585","-0,00018752","0,00399218","0,00055354","1","2,5","0,00231046","False","112,171","111,9118","97,1515","0,2245","worthwhile","-12,02","-11,67","-0,2335","0,2508","-1,1576","2","stop"
"tr_f62464ac6ac4","1","2018-09-20T18:00:00+00:00","2018-09-21T20:00:00+00:00","long","long","3","18","9","1","0,007952","-0,003762","0,00236295","0","1","0,00369119","-0,143713","0,00099025","0,00156787","0,00369119","0,00063905","1","2,95509","0,0029258","False","112,448","112,119","77,9032","0,2279","worthwhile","4,66","4,94","0,0907","1,2918","-0,1763","26","gann_state_exit"
"tr_2c058a66634a","1","2018-09-25T03:00:00+00:00","2018-09-26T12:00:00+00:00","long","long","1","3","9","1","0,011524","0,009571","0,00149765","8","9","0,0041142","-1,074849","0,00076719","0,00153632","0,0037418","0,00045368","3","2,5","0,00191636","False","112,875","112,6587","97,2906","0,1864","worthwhile","-0,35","0,0","-0,0068","0,7027","-0,6195","33","gann_state_exit"
"tr_177542cdf039","1","2018-09-26T15:00:00+00:00","2018-09-26T21:00:00+00:00","long","long","2","15","9","1","0,003524","0,00281","0,00095035","0","1","0,00253118","-0,485549","0,00065618","0,00093901","0,00246037","0,00028122","2","2,5","0,00163991","False","113,029","112,8436","97,2973","0,1596","worthwhile","-8,65","-8,3","-0,1684","0,5719","-1,3595","6","stop"
"tr_dbcbf28898c5","1","2018-09-26T22:00:00+00:00","2018-09-27T17:00:00+00:00","short","short","2","22","9","-1","0,007333","-0,005619","-0,00109959","0","1","0,00349117","-1,251944","0,00081393","-0,0010268","0,00342029","0,00034173","3","4,311042","0,00351254","False","112,739","113,135","58,4768","0,2054","worthwhile","-9,23","-9,02","-0,1799","0,4495","-0,846","19","gann_state_exit"
"tr_d3edc58b3929","1","2018-09-27T17:00:00+00:00","2018-10-02T07:00:00+00:00","long","long","3","17","9","1","0,005952","0,004571","0,00314684","2","3","0,00507655","-0,511439","0,00114132","0,00148803","0,00507655","0,00074209","2","2,5","0,00285158","False","113,137","112,8144","78,1096","0,2227","worthwhile","27,84","28,12","0,5437","2,8672","0,0","62","gann_state_exit"
"tr_68e76baf4952","1","2018-10-03T17:00:00+00:00","2018-10-04T17:00:00+00:00","long","long","2","17","10","1","0,008476","0,008333","0,00195523","11","12","0,00408228","-1,105792","0,00087331","0,00113379","0,00337995","0,00061111","1","2,5","0,00218113","False","114,019","113,7703","97,1091","0,2118","worthwhile","1,1","1,45","0,0213","2,1352","-0,0603","24","gann_state_exit"
"tr_7fc629bf6af0","1","2018-10-08T12:00:00+00:00","2018-10-09T12:00:00+00:00","short","short","0","12","10","-1","-0,007952","-0,029238","-0,00477645","0","1","0,00753858","1,952494","0,00123877","-0,00430678","0,00730906","0,00106593","2","3,306413","0,00409597","True","113,282","113,746","58,253","0,2386","worthwhile","2,94","3,15","0,0572","0,9914","-0,2888","24","gann_state_exit"
"tr_be6c73e54e48","1","2018-10-10T17:00:00+00:00","2018-10-11T19:00:00+00:00","short","short","2","17","10","-1","0,005429","-0,006476","-0,00178091","0","1","0,00463172","-0,41349","0,00100664","-0,00116764","0,00369298","0,00078028","2","3,501466","0,00352624","False","112,868","113,266","58,2198","0,2053","worthwhile","15,53","15,74","0,3013","2,2563","0,0","26","gann_state_exit"
"tr_735d590be92f","1","2018-10-11T22:00:00+00:00","2018-10-12T07:00:00+00:00","short","short","3","22","10","-1","-0,005095","-0,013476","-0,00330732","0","1","0,01299745","0,120745","0,00184955","-0,00269938","0,0062888","0,00113686","2","2,5","0,00462395","True","111,943","112,4606","38,6965","0,1789","bad","-8,17","-8,03","-0,158","0,0","-0,9022","9","gann_state_exit"
"tr_922fc148ff5d","1","2018-10-17T21:00:00+00:00","2018-10-18T18:00:00+00:00","long","long","2","21","10","1","0,002095","0,002857","0,00095815","0","1","0,00377493","-0,931869","0,00094585","0,00028498","0,00358796","0,00056124","2","2,5","0,00236251","False","112,421","112,1554","96,8945","0,2289","worthwhile","-12,28","-11,93","-0,238","1,1597","-1,299","21","stop"
"tr_e7c3fe462629","1","2018-10-23T09:00:00+00:00","2018-10-24T05:00:00+00:00","short","short","1","9","10","-1","-0,008476","-0,010143","-0,00269014","4","5","0,00477367","-1,374371","0,00092493","-0,00303984","0,00369804","0,00059436","1","2,5","0,00231532","False","112,347","112,6071","97,1257","0,2249","worthwhile","-8,17","-7,82","-0,1587","1,5147","-0,7958","20","gann_state_exit"
"tr_b328d40adb89","1","2018-10-25T03:00:00+00:00","2018-10-25T10:00:00+00:00","short","short","3","3","10","-1","-0,019238","-0,023048","-0,00475383","6","7","0,0070625","-0,323819","0,00129592","-0,00515189","0,00678571","0,00090482","1","2,5","0,00324121","False","111,951","112,3139","58,368","0,1892","ambiguous","-9,96","-9,75","-0,1937","0,2453","-1,1409","7","stop"
"tr_3158da37ed86","1","2018-10-26T16:00:00+00:00","2018-10-29T12:00:00+00:00","short","short","4","16","10","-1","-0,021238","-0,021143","-0,00193648","10","11","0,00722356","-2,269682","0,00122983","-0,0041828","0,00722356","0,00077371","1","2,726519","0,00336261","False","111,818","112,194","58,4814","0,1966","worthwhile","-10,32","-10,11","-0,2011","1,1729","-1,0","20","stop"
"tr_fb4f1b8ba4c2","1","2018-10-29T14:00:00+00:00","2018-10-31T21:00:00+00:00","long","long","0","14","10","1","0,005286","0,01681","0,00376246","1","2","0,00950777","-1,221253","0,00160521","0,00743294","0,00784146","0,00106322","1","2,5","0,0040051","False","112,446","111,9956","58,5992","0,2347","worthwhile","15,74","15,95","0,3074","2,085","-0,5684","55","gann_state_exit"
"tr_e3524a5c4535","1","2018-11-02T08:00:00+00:00","2018-11-05T19:00:00+00:00","long","long","4","8","11","1","0,003333","-0,005048","0,00228403","0","1","0,00447954","-0,838084","0,00110914","0,00067327","0,00395722","0,00075716","1","3,13683","0,00347588","False","113,065","112,672","58,4196","0,2031","worthwhile","3,87","4,08","0,0754","0,6972","-0,8804","35","gann_state_exit"
"tr_8db69467a8e5","1","2018-11-06T06:00:00+00:00","2018-11-06T12:00:00+00:00","long","long","1","6","11","1","-0,001571","0,001095","0,0009352","4","5","0,00233022","-0,568934","0,00069814","0,00090997","0,00233022","0,00039331","2","2,5","0,00174463","False","113,341","113,1433","97,2927","0,1697","worthwhile","-7,11","-6,76","-0,1383","0,5361","-0,8547","6","gann_state_exit"
"tr_3bf937f8db04","1","2018-11-07T03:00:00+00:00","2018-11-07T04:00:00+00:00","short","short","2","3","11","-1","0,003","-0,014333","-0,00269712","-1","1","0,00479366","0,082497","0,00096488","-0,00244391","0,00479366","0,00077078","3","2,786556","0,00268874","True","113,064","113,368","77,942","0,2096","bad","-17,96","-17,68","-0,35","0,0","-2,4803","1","stop"
"tr_f99c11c8b155","1","2018-11-07T04:00:00+00:00","2018-11-07T08:00:00+00:00","long","long","2","4","11","1","0,01719","-0,013571","0,00269976","0","1","0,00666637","0,350358","0,00123162","0,00198535","0,00666637","0,0012364","4","4,068437","0,0050103","True","113,566","112,997","39,1079","0,1959","bad","-7,64","-7,5","-0,1493","0,0","-0,8084","4","gann_state_exit"
"tr_73c8a2620807","1","2018-11-07T12:00:00+00:00","2018-11-07T20:00:00+00:00","short","short","2","12","11","-1","-0,002286","-0,005619","-0,00311867","6","7","0,00755405","-0,464672","0,00167517","-0,00117507","0,00755405","0,00133739","4","2,5","0,00419125","False","112,962","113,4355","58,7496","0,2462","bad","-12,78","-12,57","-0,2504","0,0","-1,0518","8","stop"
"tr_f358f05bda95","1","2018-11-12T08:00:00+00:00","2018-11-12T14:00:00+00:00","long","long","0","8","11","1","0,009095","0,010905","0,00207134","5","6","0,0039193","-0,371316","0,00085008","0,00145761","0,00360365","0,00043631","1","2,5","0,00212449","False","114,089","113,8466","98,1616","0,2085","worthwhile","-11,08","-10,73","-0,2176","0,425","-1,0314","6","stop"
"tr_b53839cb2790","1","2018-11-13T02:00:00+00:00","2018-11-13T05:00:00+00:00","short","short","1","2","11","-1","-0,008905","-0,013619","-0,00221947","11","12","0,0049872","-0,503526","0,00089089","-0,00272802","0,00481129","0,00060568","1","2,5","0,00222825","False","113,638","113,8912","98,3756","0,2192","bad","-11,55","-11,2","-0,2273","0,0513","-1,4454","3","stop"
"tr_0f10d97fa631","1","2018-11-16T15:00:00+00:00","2018-11-20T20:00:00+00:00","short","short","4","15","11","-1","0,004714","0,003095","-0,00266509","10","11","0,00538024","-0,670673","0,00122506","-0,00227413","0,00469998","0,00088235","2","2,5","0,00306522","False","113,097","113,4437","78,8797","0,2418","worthwhile","13,56","13,84","0,2674","2,2846","0,0","53","gann_state_exit"
"tr_123d310d6209","1","2018-11-21T03:00:00+00:00","2018-11-22T13:00:00+00:00","long","long","2","3","11","1","0,011714","0,01","0,00273517","9","10","0,00489292","-0,463698","0,00112784","0,00276432","0,00489292","0,00076113","1","2,5","0,00281807","False","112,877","112,5589","78,6694","0,2217","worthwhile","2,34","2,62","0,046","1,0154","-0,2515","34","gann_state_exit"
"tr_296e95bfc589","1","2018-11-26T03:00:00+00:00","2018-11-28T22:00:00+00:00","long","long","0","3","11","1","0,002048","-0,000952","0,00147727","4","5","0,00308899","-0,360736","0,000687","0,00069972","0,00295622","0,00034922","1","2,5","0,00171705","False","113,012","112,818","98,2915","0,1688","worthwhile","22,42","22,77","0,4407","5,2771","0,0","67","gann_state_exit"
"tr_8c376484c1e0","1","2018-12-04T04:00:00+00:00","2018-12-05T06:00:00+00:00","short","short","1","4","12","-1","0,001476","-0,00681","-0,00250244","0","1","0,0046418","0,574652","0,00087533","-0,00155074","0,00367108","0,00065749","2","2,510322","0,00219739","True","113,316","113,565","97,8602","0,215","worthwhile","16,87","17,22","0,3302","2,9719","-0,1165","26","gann_state_exit"
"tr_728924db70f1","1","2018-12-06T16:00:00+00:00","2018-12-07T08:00:00+00:00","short","short","3","16","12","-1","-0,016095","-0,02081","-0,0027688","5","6","0,00584821","-0,709037","0,00127664","-0,00409202","0,00584821","0,00110025","3","2,5","0,00319455","False","112,58","112,9396","78,0305","0,2493","worthwhile","-12,36","-12,08","-0,2411","0,9676","-0,9648","16","gann_state_exit"
"tr_32c916c98048","1","2018-12-10T16:00:00+00:00","2018-12-12T18:00:00+00:00","long","long","0","16","12","1","0,008667","0,006333","0,00299415","5","6","0,00608746","-0,584913","0,00109074","0,00113549","0,00586593","0,00070079","1","2,5","0,00272506","False","112,929","112,6213","78,2191","0,2132","worthwhile","9,9","10,18","0,1935","1,9205","-0,2795","50","gann_state_exit"
"tr_5a7411c2a707","1","2018-12-13T15:00:00+00:00","2018-12-14T06:00:00+00:00","long","long","3","15","12","1","0,00719","0,01181","0,00146364","11","12","0,00333977","-0,463497","0,00074147","0,00179205","0,00318996","0,0004179","1","2,5","0,00185301","False","113,522","113,3116","97,585","0,1808","worthwhile","-1,8","-1,45","-0,0352","0,889","-0,4659","15","gann_state_exit"
"tr_de01cfb65cba","1","2018-12-14T18:00:00+00:00","2018-12-20T00:00:00+00:00","short","short","4","18","12","-1","9,5E-05","-0,00681","-0,00170483","0","1","0,00301579","-0,384342","0,00082596","-0,00175173","0,00247789","0,00057672","3","2,882562","0,00238169","False","113,365","113,635","97,6193","0,2325","worthwhile","38,77","39,12","0,7569","4,7259","-0,5778","78","reverse"
"tr_4d8ee05f540a","1","2018-12-20T07:00:00+00:00","2018-12-21T22:00:00+00:00","short","short","3","7","12","-1","-0,003952","-0,006762","-0,00169435","0","1","0,0051314","-1,008953","0,00142157","-0,00103234","0,0051314","0,0008449","2","2,5","0,0035591","False","112,087","112,4859","58,1315","0,2069","worthwhile","20,68","20,89","0,4007","3,1936","-0,0326","39","gann_state_exit"
"tr_f05cccd2d498","1","2018-12-26T21:00:00+00:00","2018-12-27T13:00:00+00:00","long","long","2","21","12","1","0,03181","0,02419","0,00506292","1","2","0,0091462","-0,98869","0,00163143","0,00688648","0,00774949","0,00137004","3","2,5","0,00407193","False","111,156","110,7034","57,8995","0,2358","worthwhile","-11,15","-10,94","-0,2153","0,559","-0,939","16","gann_state_exit"
"tr_ddda23f61609","1","2018-12-28T12:00:00+00:00","2018-12-31T07:00:00+00:00","short","short","4","12","12","-1","-0,020905","-0,018905","-0,00390041","8","9","0,00820898","-0,460782","0,00171074","-0,00319723","0,00704921","0,00097705","2","2,5","0,00428031","False","110,278","110,75","58,0244","0,2484","worthwhile","-3,99","-3,78","-0,0771","0,2839","-0,5339","19","gann_state_exit"
"tr_9cbd24c1da8a","1","2018-12-31T10:00:00+00:00","2019-01-03T21:00:00+00:00","short","short","0","10","12","-1","0,000143","-9,5E-05","-0,00164755","0","1","0,0078468","-0,768496","0,00108598","-0,0003446","0,00350158","0,00064199","2","2,5","0,00271727","False","110,142","110,4413","77,4256","0,2104","worthwhile","84,73","85,01","1,64","18,4205","-0,1537","57","gann_state_exit"
"tr_e672f99db97f","1","2019-01-07T18:00:00+00:00","2019-01-08T20:00:00+00:00","long","long","0","18","1","1","-0,002048","-0,006667","0,00179083","0","1","0,00737762","-1,082894","0,00158399","-0,0007188","0,00556088","0,00082472","2","2,5","0,00395313","False","108,624","108,1946","57,1322","0,2259","worthwhile","-1,2","-0,99","-0,0229","1,0782","-0,4262","26","gann_state_exit"
"tr_78e38d551452","1","2019-01-09T17:00:00+00:00","2019-01-10T18:00:00+00:00","short","short","2","17","1","-1","0,005238","-0,003714","-0,00396778","0","1","0,0061598","-0,030259","0,00121896","-0,00183167","0,00539444","0,00082335","2","2,5","0,00304758","False","108,439","108,7695","76,1937","0,2322","worthwhile","8,15","8,43","0,1552","2,0244","0,0","25","gann_state_exit"
"tr_c0f8e28b5c12","1","2019-01-11T22:00:00+00:00","2019-01-14T03:00:00+00:00","long","long","4","22","1","1","0,003","0,004048","0,0019865","5","6","0,00626763","-0,176101","0,00125616","0,00195785","0,00418456","0,00072832","2","2,5","0,00313965","False","108,52","108,1793","76,0756","0,2389","bad","-12,95","-12,67","-0,2463","0,1644","-1,0361","5","stop"
"tr_fa495fb0b626","1","2019-01-14T13:00:00+00:00","2019-01-14T17:00:00+00:00","short","short","0","13","1","-1","-0,009524","-0,003429","-0,00197466","9","10","0,00514072","-1,37314","0,00112448","-0,00265575","0,00514072","0,00065428","1","2,5","0,00281559","False","107,987","108,291","76,2634","0,2147","bad","-11,58","-11,3","-0,2209","0,0","-1,2136","4","stop"
"tr_43d6517a747d","1","2019-01-16T12:00:00+00:00","2019-01-17T11:00:00+00:00","long","long","2","12","1","1","0,006143","0,009381","0,00137602","2","3","0,00525642","-0,986385","0,00128791","0,00248247","0,00402287","0,00081807","2","2,5","0,00321564","False","108,769","108,4192","76,4321","0,2458","worthwhile","1,34","1,62","0,0256","1,2208","-0,2688","23","gann_state_exit"
"tr_158fc03112e6","1","2019-01-17T21:00:00+00:00","2019-01-22T06:00:00+00:00","long","long","3","21","1","1","-0,005524","-0,003714","0,00146639","3","4","0,00609096","-1,392857","0,00119862","-0,00094394","0,00399949","0,00071998","2","2,5","0,00299151","False","109,198","108,8713","76,4126","0,2286","worthwhile","8,78","9,06","0,1678","2,1214","-0,4347","57","reverse"
"tr_9051762d9619","1","2019-01-23T04:00:00+00:00","2019-01-23T18:00:00+00:00","long","long","2","4","1","1","0,010333","0,00081","0,00292115","0","1","0,00499726","-0,301173","0,00099919","0,00209264","0,00498815","0,00064859","1","2,5","0,00249718","False","109,695","109,4211","95,3558","0,2381","worthwhile","-12,96","-12,61","-0,2471","1,1134","-1,0952","14","stop"
"tr_567e796dead5","1","2019-01-30T15:00:00+00:00","2019-01-30T21:00:00+00:00","long","long","2","15","1","1","-0,00019","0,005048","0,00112708","2","3","0,00326245","-1,285024","0,00081072","0,00053946","0,00213841","0,00056511","4","2,5","0,00202465","False","109,543","109,3212","95,5921","0,1935","worthwhile","-10,59","-10,24","-0,2024","0,9018","-3,3095","6","stop"
"tr_eb434cf5fcab","1","2019-01-30T22:00:00+00:00","2019-01-31T23:00:00+00:00","short","short","2","22","1","-1","0,007762","-0,021857","-0,00495671","0","1","0,00857479","2,395248","0,00110387","-0,00459667","0,00857479","0,00137176","3","5,114851","0,00564624","True","108,922","109,537","38,3144","0,2163","worthwhile","-0,23","-0,09","-0,0044","0,6911","-0,2325","25","gann_state_exit"
"tr_02e320e68989","1","2019-02-06T05:00:00+00:00","2019-02-06T22:00:00+00:00","short","short","2","5","2","-1","0,00719","-0,007238","-0,00256421","0","1","0,00388342","0,691566","0,0010809","-0,00187438","0,00388342","0,00082233","6","3,019277","0,00326359","True","109,695","110,053","57,4741","0,1876","worthwhile","-8,07","-7,86","-0,1545","0,3799","-0,8603","17","gann_state_exit"
"tr_a11220fa45f0","1","2019-02-11T04:00:00+00:00","2019-02-12T17:00:00+00:00","long","long","0","4","2","1","0,001762","0,004048","0,00057029","1","2","0,00254094","-1,133858","0,00077108","0,00054674","0,002122","0,000372","3","2,5","0,00192599","False","109,9","109,6883","95,9385","0,1848","worthwhile","25,4","25,75","0,4874","3,5528","-0,0614","37","gann_state_exit"
"tr_9268dcf0c9e4","1","2019-02-13T05:00:00+00:00","2019-02-14T17:00:00+00:00","long","long","2","5","2","1","0,000286","0,001333","0,00137453","1","2","0,00276628","-0,391233","0,00078563","0,00077806","0,00273012","0,00043871","2","2,5","0,00196343","False","110,654","110,4367","95,4732","0,1875","worthwhile","-2,16","-1,81","-0,0412","2,1863","-0,7042","36","reverse"
"tr_412ab25b8a81","1","2019-02-19T07:00:00+00:00","2019-02-19T20:00:00+00:00","long","long","1","7","2","1","0,005143","-0,003619","0,00111198","0","1","0,00273822","0,078125","0,00057837","0,00070538","0,00223214","0,00041585","2","3,09375","0,00178917","True","110,666","110,468","95,5126","0,1709","worthwhile","-7,09","-6,74","-0,1355","0,803","-0,803","13","gann_state_exit"
"tr_666a952d3192","1","2019-02-20T03:00:00+00:00","2019-02-20T21:00:00+00:00","long","long","2","3","2","1","0,011286","0,005571","0,00138966","0","1","0,00336795","-0,655431","0,00103322","0,00084948","0,00322348","0,00073382","2","2,5","0,00258124","False","110,827","110,5409","95,6422","0,2469","worthwhile","-8,03","-7,68","-0,1536","0,43","-0,7096","18","gann_state_exit"
"tr_3be73aa78a97","1","2019-02-22T12:00:00+00:00","2019-02-22T15:00:00+00:00","long","long","4","12","2","1","0,004524","0,004143","0,00140104","5","6","0,0026255","-0,830716","0,00073854","0,00177151","0,00260746","0,00039361","3","2,5","0,00184519","False","110,906","110,7014","95,7893","0,1767","bad","-9,68","-9,33","-0,1855","0,0","-1,1874","3","stop"
"tr_38d36390e84b","1","2019-02-25T17:00:00+00:00","2019-02-26T07:00:00+00:00","long","long","0","17","2","1","0,006762","0,009619","0,00157861","4","5","0,00315808","-1,005386","0,00071798","0,00154533","0,00261669","0,00041546","1","2,5","0,00179362","False","110,909","110,7101","95,9673","0,1721","worthwhile","-4,82","-4,47","-0,0925","1,6438","-0,7892","14","gann_state_exit"
"tr_5397f9b28edf","1","2019-02-27T17:00:00+00:00","2019-02-28T10:00:00+00:00","long","long","2","17","2","1","0,001143","-0,001286","0,00288109","1","2","0,0048637","-0,767123","0,00084693","0,00121967","0,00428619","0,00065911","1","2,5","0,0021159","False","110,895","110,6604","96,0561","0,2032","worthwhile","-11,04","-10,69","-0,2121","0,7629","-1,0015","17","stop"
"tr_a5aa1b106a4b","1","2019-02-28T16:00:00+00:00","2019-03-04T14:00:00+00:00","long","long","3","16","2","1","0,007095","-0,001762","0,00242221","0","1","0,00702102","0,206268","0,00091642","0,001343","0,00426662","0,00067146","2","3,555659","0,00325818","True","111,105","110,743","57,7562","0,1882","worthwhile","20,46","20,67","0,394","2,6878","0,0","46","gann_state_exit"
"tr_b64ab26db827","1","2019-03-07T16:00:00+00:00","2019-03-11T12:00:00+00:00","short","short","3","16","3","-1","0,005429","0,004333","-0,00025361","3","4","0,00313278","-1,989757","0,00066577","0,00025964","0,00252412","0,0003936","2","3,818182","0,00254544","False","111,572","111,856","95,8826","0,2441","worthwhile","14,89","15,24","0,2855","2,7817","-0,4507","44","gann_state_exit"
"tr_6fe5afdaa731","1","2019-03-13T15:00:00+00:00","2019-03-13T18:00:00+00:00","long","long","2","15","3","1","0,007952","0,010238","0,0011944","3","4","0,00320487","-0,859513","0,0007729","0,00010774","0,00247771","0,00035642","2","2,5","0,00193092","False","111,469","111,2538","95,6096","0,1846","bad","-10,11","-9,76","-0,1934","0,0","-1,208","3","stop"
"tr_df07aa5fec88","1","2019-03-13T21:00:00+00:00","2019-03-14T04:00:00+00:00","short","short","2","21","3","-1","-0,003619","-0,002","-0,00100388","2","3","0,00320942","-1,483889","0,0007573","-0,00093408","0,00288578","0,00039403","3","2,5","0,00189541","False","111,108","111,3186","95,7948","0,1816","worthwhile","-9,9","-9,55","-0,1897","0,4891","-1,8994","7","stop"
"tr_141a50506501","1","2019-03-14T05:00:00+00:00","2019-03-15T18:00:00+00:00","long","long","3","5","3","1","0,008857","-0,001667","0,00217623","0","1","0,00451267","-0,009342","0,00096038","0,00129357","0,00451267","0,00077345","3","2,5","0,00240073","True","111,474","111,2064","95,9768","0,2304","worthwhile","0,19","0,54","0,0036","1,5993","-0,3363","37","gann_state_exit"
"tr_10004fbb58d0","1","2019-03-20T03:00:00+00:00","2019-03-20T17:00:00+00:00","long","long","2","3","3","1","0,005524","0,009571","0,00121593","11","12","0,00388627","-2,517614","0,00075221","0,00188835","0,00271051","0,00043723","1","3,245455","0,0024366","False","111,631","111,359","95,9733","0,2338","ambiguous","-9,91","-9,56","-0,1902","0,2316","-0,8934","14","gann_state_exit"
"tr_d53ff1bd4f49","1","2019-03-20T21:00:00+00:00","2019-03-21T20:00:00+00:00","short","short","2","21","3","-1","0,003619","0,003667","-0,00050868","4","5","0,00454733","-3,834574","0,00074614","0,00086177","0,00366836","0,00051401","1","3,930738","0,00294136","False","111,173","111,5","76,925","0,2263","worthwhile","13,51","13,79","0,2598","2,6728","0,0","23","gann_state_exit"
"tr_5272122ecfc8","1","2019-03-22T15:00:00+00:00","2019-03-25T14:00:00+00:00","short","short","4","15","3","-1","-0,020952","-0,016476","-0,00419081","3","4","0,00598195","-0,325199","0,00091973","-0,00469094","0,00580067","0,00068757","1","2,5","0,00230007","False","110,297","110,5507","95,9071","0,2206","worthwhile","5,32","5,67","0,1021","2,3257","0,0","23","gann_state_exit"
"tr_b4109f8c351c","1","2019-03-26T04:00:00+00:00","2019-03-27T15:00:00+00:00","long","long","1","4","3","1","0,016095","0,012333","0,00197424","0","1","0,00484657","-0,413929","0,00131558","0,00184582","0,00442908","0,00090719","3","2,5","0,00328711","False","110,243","109,8806","57,4856","0,189","worthwhile","4,49","4,7","0,086","1,297","-0,6899","35","gann_state_exit"
"tr_7b95a41f2e02","1","2019-03-28T16:00:00+00:00","2019-04-02T20:00:00+00:00","long","long","3","16","3","1","0,005429","0,001429","0,00240301","0","1","0,00627963","-1,387324","0,00128488","0,00131375","0,00485902","0,00090148","1","2,795775","0,00358578","False","110,715","110,318","57,4362","0,206","worthwhile","16,9","17,11","0,3235","1,8665","-0,466","76","gann_state_exit"
"tr_9cb7c7b9e723","1","2019-04-03T04:00:00+00:00","2019-04-04T05:00:00+00:00","long","long","2","4","4","1","0,005524","-0,00519","0,00149422","0","1","0,00299613","0,257443","0,00073173","0,0011855","0,00274496","0,00041336","2","3,408056","0,00249356","True","111,487","111,209","95,4182","0,2379","worthwhile","-0,35","0,0","-0,0067","0,3309","-0,5719","25","gann_state_exit"
"tr_200b4c1896e4","1","2019-04-04T16:00:00+00:00","2019-04-08T05:00:00+00:00","long","long","3","16","4","1","-0,00019","-0,001238","0,00078594","0","1","0,00225146","-1,304854","0,00065993","0,00011662","0,00166842","0,00037112","2","2,5","0,00164839","False","111,581","111,3971","95,4246","0,1573","worthwhile","-3,94","-3,59","-0,0751","1,3157","-0,9569","37","reverse"
"tr_1201cdb24ee9","1","2019-04-09T05:00:00+00:00","2019-04-10T16:00:00+00:00","short","short","1","5","4","-1","4,8E-05","-0,001857","-0,00128522","1","2","0,00422134","-0,822973","0,00063299","-0,00076285","0,00267651","0,00040406","2","2,5","0,00158332","False","111,279","111,4552","95,4964","0,1512","worthwhile","3,79","4,14","0,0723","1,697","-0,613","35","gann_state_exit"
"tr_e73382bd0273","1","2019-04-10T17:00:00+00:00","2019-04-11T12:00:00+00:00","short","short","2","17","4","-1","0,003476","-0,00119","-0,00104225","0","1","0,00366439","-1,151571","0,00069584","-0,00044097","0,00213381","0,00045663","2","2,898336","0,00201842","False","110,978","111,202","95,4273","0,1926","worthwhile","-6,74","-6,39","-0,1286","0,5982","-0,8482","19","gann_state_exit"
"tr_443570de57a5","1","2019-04-11T15:00:00+00:00","2019-04-15T09:00:00+00:00","long","long","3","15","4","1","0,00619","0,009048","0,00180643","5","6","0,00391222","-1,223969","0,00065396","0,00237093","0,00332764","0,00045353","1","2,5","0,00163357","False","111,281","111,0992","95,5502","0,1561","worthwhile","27,89","28,24","0,5329","4,4943","-0,0385","42","gann_state_exit"
"tr_e62009fa40a8","1","2019-04-16T09:00:00+00:00","2019-04-16T22:00:00+00:00","short","short","1","9","4","-1","-0,000762","0,000619","-0,0007956","2","3","0,00187626","-0,557789","0,00059266","-9,827E-05","0,00165289","0,00028219","2","2,5","0,00148216","False","111,886","112,0518","95,0437","0,1409","ambiguous","-5,75","-5,4","-0,1093","0,2412","-0,9407","13","gann_state_exit"
"tr_7cd0882be048","1","2019-04-17T03:00:00+00:00","2019-04-17T19:00:00+00:00","long","long","2","3","4","1","0,001476","0,004333","0,0006263","7","8","0,0019108","-1,233503","0,00058634","0,00047346","0,00175008","0,00032469","1","2,5","0,00146475","False","112,078","111,9138","95,1477","0,1394","worthwhile","-3,92","-3,57","-0,0746","0,3046","-0,9503","16","gann_state_exit"
"tr_1b8f2ae0469b","1","2019-04-18T06:00:00+00:00","2019-04-18T22:00:00+00:00","short","short","3","6","4","-1","-0,000905","-0,002571","-0,0007903","2","3","0,00236706","-0,84","0,00057422","-1,786E-05","0,00199191","0,00030234","3","2,5","0,00143627","False","111,897","112,0577","95,2187","0,1368","worthwhile","-3,16","-2,81","-0,0602","0,8151","-0,8027","16","gann_state_exit"
"tr_a211b2fd1be3","1","2019-04-23T04:00:00+00:00","2019-04-23T09:00:00+00:00","short","short","1","4","4","-1","0,000667","-0,010333","-0,00217076","0","1","0,00264993","3,094258","0,00039348","-0,00201917","0,00251564","0,00048526","3","6,325027","0,00248883","True","111,699","111,977","95,276","0,2371","bad","-10,94","-10,59","-0,2084","0,0","-0,8165","5","gann_state_exit"
"tr_25882d56eb79","1","2019-04-23T16:00:00+00:00","2019-04-23T19:00:00+00:00","long","long","1","16","4","1","0,001476","-0,002381","0,00114776","0","1","0,00293808","0,015885","0,00056219","0,00037521","0,00293808","0,00057046","4","2,5","0,00140534","True","111,988","111,8306","95,4751","0,1342","bad","-7,48","-7,13","-0,1428","0,0","-1,4487","3","stop"
"tr_33be028e1431","1","2019-04-24T21:00:00+00:00","2019-04-25T10:00:00+00:00","long","long","2","21","4","1","0,004762","0,003238","0,0015844","1","2","0,00314328","-0,618761","0,00070715","0,00106377","0,00270572","0,00043532","3","2,5","0,00176708","False","112,036","111,838","95,6116","0,169","worthwhile","-8,4","-8,05","-0,1606","1,8386","-0,9597","13","gann_state_exit"
"tr_034487f8a22f","1","2019-04-25T16:00:00+00:00","2019-04-26T15:00:00+00:00","short","short","3","16","4","-1","0,00319","0,003524","-0,00214429","6","7","0,00642138","-1,1137","0,00106001","-0,0009114","0,00586689","0,0009727","1","2,5","0,0026532","False","111,68","111,9763","76,6124","0,2033","worthwhile","-3,79","-3,51","-0,0725","1,0462","-0,3645","23","gann_state_exit"
"tr_08bc13266d2a","1","2019-04-30T09:00:00+00:00","2019-05-01T07:00:00+00:00","short","short","1","9","4","-1","-0,011429","-0,011714","-0,00181679","10","11","0,00373007","-1,464414","0,00059393","-0,00163818","0,00373007","0,0004011","1","2,5","0,00148613","False","111,427","111,5926","95,835","0,1424","worthwhile","-3,85","-3,5","-0,0737","1,1534","-0,4529","22","gann_state_exit"
"tr_e3bebcbe5f63","1","2019-05-01T17:00:00+00:00","2019-05-01T21:00:00+00:00","short","short","2","17","5","-1","0,000333","0,001286","-0,00076373","4","5","0,0030622","-1,878299","0,00058328","8,981E-05","0,00264013","0,00045719","4","2,940616","0,0017171","False","111,234","111,425","95,9058","0,1647","worthwhile","-9,01","-8,66","-0,1728","0,9634","-1,9895","4","stop"
"tr_004b14f5d666","1","2019-05-01T22:00:00+00:00","2019-05-02T21:00:00+00:00","long","long","2","22","5","1","0,008095","-0,015571","0,00246676","0","1","0,00505385","0,49901","0,00086194","0,00132795","0,00505385","0,00112388","4","5,665842","0,00488373","True","111,595","111,05","38,4287","0,1877","bad","-2,19","-2,05","-0,042","0,1284","-0,4495","23","gann_state_exit"
"tr_5c4bb714122e","1","2019-05-03T15:00:00+00:00","2019-05-03T16:00:00+00:00","long","long","4","15","5","1","-0,001619","-0,001143","0,00046462","-1","6","0,00262757","-2,774936","0,00050092","0,00104135","0,00177563","0,00033486","1","3,222506","0,00161194","False","111,667","111,487","96,1123","0,1549","bad","-10,89","-10,54","-0,2094","0,0","-1,8278","1","stop"
"tr_205b8ad6318e","1","2019-05-03T16:00:00+00:00","2019-05-06T18:00:00+00:00","short","short","4","16","5","-1","0,006381","0,002381","-0,0007756","0","1","0,00297934","-1,0358","0,00053715","-0,00054711","0,00283576","0,00030701","2","5,579952","0,00299901","False","111,37","111,704","77,0511","0,2311","worthwhile","17,14","17,42","0,3302","3,2545","0,0","26","gann_state_exit"
"tr_5181069f296b","1","2019-05-09T05:00:00+00:00","2019-05-10T06:00:00+00:00","short","short","3","5","5","-1","0,00219","-0,000571","-0,00138846","1","2","0,00517329","-0,689871","0,00110705","-0,00059971","0,00395498","0,00053966","2","2,5","0,00276978","False","109,902","110,2064","76,7975","0,2127","worthwhile","1,43","1,71","0,0275","1,4126","-0,4862","25","gann_state_exit"
"tr_e33f026ddbfd","1","2019-05-10T18:00:00+00:00","2019-05-10T20:00:00+00:00","short","short","4","18","5","-1","-0,007143","-0,008857","-0,00229224","2","3","0,00527454","-0,831609","0,00121804","-0,00097548","0,0050099","0,00067231","2","2,5","0,00304824","False","109,47","109,8037","76,7765","0,234","bad","-12,51","-12,23","-0,2401","0,0","-1,2916","2","stop"
"tr_e954d50c3515","1","2019-05-10T22:00:00+00:00","2019-05-13T02:00:00+00:00","long","long","4","22","5","1","0,008524","0,008381","0,00192717","1","2","0,00527719","-0,961575","0,00135309","0,00164956","0,00527719","0,00079553","3","2,5","0,00337827","False","110,052","109,6802","57,7209","0,195","bad","-10,43","-10,22","-0,2008","0,0","-1,1216","4","stop"
"tr_1f3af060614c","1","2019-05-16T15:00:00+00:00","2019-05-17T09:00:00+00:00","long","long","3","15","5","1","-0,000619","0,01381","0,00192081","3","4","0,00499654","-0,277533","0,00088703","0,00081214","0,00313651","0,00051169","3","2,5","0,00221698","False","109,705","109,4618","96,395","0,2137","worthwhile","-3,63","-3,28","-0,0701","1,3527","-0,4276","18","gann_state_exit"
"tr_b52da8f53902","1","2019-05-21T13:00:00+00:00","2019-05-22T12:00:00+00:00","long","long","1","13","5","1","0,01281","0,012238","0,00142223","10","11","0,00461026","-1,512563","0,00077399","0,00219195","0,00407482","0,00035913","1","2,966499","0,00229333","False","110,32","110,067","96,4625","0,2212","worthwhile","4,04","4,39","0,078","1,3953","-0,2569","23","gann_state_exit"
"tr_5f18cb889ec8","1","2019-05-24T17:00:00+00:00","2019-05-27T12:00:00+00:00","short","short","4","17","5","-1","-0,000333","-0,000619","-0,00062232","1","2","0,00810411","-1,05807","0,00101779","-8,213E-05","0,00263749","0,00064713","2","2,5","0,00254728","False","109,454","109,7328","96,3874","0,2455","worthwhile","-2,5","-2,15","-0,0481","0,6743","-0,4699","19","gann_state_exit"
"tr_ca5a541209bc","1","2019-05-28T11:00:00+00:00","2019-05-28T15:00:00+00:00","short","short","1","11","5","-1","0,001905","-0,005238","-0,00122429","0","1","0,00319892","-2,147059","0,0006215","-0,00063025","0,00262311","0,00039786","5","3,941176","0,00245277","False","109,264","109,532","96,4339","0,2365","bad","-12,67","-12,32","-0,2445","0,1269","-1,0224","4","stop"
"tr_e34a2e010a63","1","2019-05-29T03:00:00+00:00","2019-05-29T20:00:00+00:00","short","short","2","3","5","-1","-0,006857","-0,004476","-0,00120618","4","5","0,00383149","-1,35844","0,0009828","-0,00129682","0,0036486","0,00063702","4","2,5","0,00246033","False","109,209","109,4777","96,6701","0,2378","ambiguous","-12,71","-12,36","-0,2458","0,2047","-1,3063","17","stop"
"tr_6fc8c802893b","1","2019-05-29T22:00:00+00:00","2019-05-30T23:00:00+00:00","long","long","2","22","5","1","0,00781","0,003952","0,00174245","1","2","0,00421189","-1,256342","0,00114901","0,00089617","0,00375507","0,00069768","1","2,5","0,00286834","False","109,612","109,2976","77,5266","0,2224","worthwhile","-2,4","-2,12","-0,0465","0,9987","-0,4389","25","gann_state_exit"
"tr_0e217a97a740","1","2019-05-31T05:00:00+00:00","2019-06-03T20:00:00+00:00","short","short","4","5","5","-1","-0,015048","-0,016524","-0,0032345","8","9","0,00649339","-1,59322","0,00107918","-0,00325436","0,00642022","0,0008614","1","2,5","0,00270265","False","109,152","109,447","77,5627","0,2096","worthwhile","31,82","32,1","0,617","3,6678","-0,6373","39","gann_state_exit"
"tr_20bb7e5644ad","1","2019-06-03T21:00:00+00:00","2019-06-04T18:00:00+00:00","short","short","0","21","6","-1","-0,003048","-0,010571","-0,00212139","0","1","0,00786273","-0,243781","0,00132807","-0,00193879","0,0036076","0,0008135","2","2,5","0,00332132","False","108,068","108,4269","57,8153","0,192","worthwhile","-7,8","-7,59","-0,1503","0,6213","-0,7355","21","gann_state_exit"
"tr_40750be58afd","1","2019-06-06T22:00:00+00:00","2019-06-07T15:00:00+00:00","long","long","3","22","6","1","0,003524","-0,000238","0,00264392","0","1","0,00667632","-0,337696","0,0011742","0,00160711","0,00471215","0,00070379","2","2,5","0,00293427","False","108,488","108,1697","77,2031","0,2265","worthwhile","-12,13","-11,85","-0,234","0,4052","-1,9068","17","stop"
"tr_438ff58f88ba","1","2019-06-07T16:00:00+00:00","2019-06-10T00:00:00+00:00","short","short","4","16","6","-1","0,013095","-0,007857","-0,00457842","0","1","0,00681538","0,280936","0,00118661","-0,00190393","0,00681538","0,00117206","2","4,050167","0,00480613","True","107,987","108,506","38,6921","0,186","bad","-9,74","-9,6","-0,1885","0,131","-1,0289","8","stop"
"tr_29c3dbc7d91a","1","2019-06-10T07:00:00+00:00","2019-06-11T00:00:00+00:00","long","long","0","7","6","1","0,002","0,00319","0,00250112","6","7","0,00678079","-0,519459","0,00133019","0,00069145","0,00678079","0,00124459","2","2,5","0,00332311","False","108,619","108,258","58,1478","0,1932","worthwhile","-5,52","-5,31","-0,107","0,2687","-0,8505","17","gann_state_exit"
"tr_5c5b6628661b","1","2019-06-11T13:00:00+00:00","2019-06-11T19:00:00+00:00","long","long","1","13","6","1","0,000905","0,008333","0,00181962","8","9","0,00371723","-0,368225","0,00082459","0,00096705","0,00357002","0,0005081","2","2,5","0,00206081","False","108,718","108,494","97,0167","0,1999","worthwhile","-10,77","-10,42","-0,2089","0,366","-1,1872","6","stop"
"tr_b1b2cdb94650","1","2019-06-13T05:00:00+00:00","2019-06-13T14:00:00+00:00","short","short","3","5","6","-1","0,000762","-0,008524","-0,00160052","0","1","0,00321336","-0,800847","0,00093393","-0,00094096","0,00305638","0,00057287","2","2,936441","0,00274454","False","108,215","108,512","77,7759","0,2135","bad","-11,08","-10,8","-0,2155","0,0","-0,9529","9","gann_state_exit"
"tr_11ea88f7621d","1","2019-06-25T04:00:00+00:00","2019-06-25T22:00:00+00:00","short","short","1","4","6","-1","-0,000286","-0,002857","-0,00095011","6","7","0,0045291","-0,619886","0,00085692","-0,00117283","0,00268391","0,00041266","2","2,5","0,00214347","False","107,247","107,4769","97,4298","0,2088","worthwhile","4,32","4,67","0,0841","2,0358","-0,6786","18","gann_state_exit"
"tr_1a6d3a34a6b7","1","2019-07-01T00:00:00+00:00","2019-07-02T13:00:00+00:00","long","long","0","0","6","1","0,006619","0,005238","0,00225736","8","9","0,00361372","-2,385234","0,00093233","0,00226602","0,00344693","0,00045242","1","3,856129","0,00358635","True","108,188","107,8","58,4087","0,2095","worthwhile","1,92","2,13","0,0375","0,8866","-0,2216","37","gann_state_exit"
"tr_20214903e117","1","2019-07-02T17:00:00+00:00","2019-07-03T21:00:00+00:00","short","short","1","17","7","-1","-0,013286","-0,012952","-0,00226984","6","7","0,00383737","-0,570997","0,00072873","-0,00285828","0,00343052","0,00045327","1","2,5","0,00182261","False","108,1","108,297","97,3115","0,1774","worthwhile","10,54","10,89","0,2052","2,8778","-0,1472","28","gann_state_exit"
"tr_0085e51761bf","1","2019-07-08T16:00:00+00:00","2019-07-10T17:00:00+00:00","long","long","0","16","7","1","0,001667","0,003048","0,00136539","2","3","0,00741471","-0,825843","0,00078073","0,00022111","0,00329747","0,00042586","2","2,5","0,00195052","False","108,64","108,4281","97,1123","0,1894","worthwhile","2,59","2,94","0,0504","1,6564","-0,5521","49","reverse"
"tr_0a531a55e09c","1","2019-07-12T21:00:00+00:00","2019-07-16T08:00:00+00:00","short","short","4","21","7","-1","-0,026667","-0,027048","-0,00418121","7","8","0,0068391","-0,451514","0,0010057","-0,00525447","0,0068391","0,00066854","1","2,5","0,00251543","False","107,858","108,1293","97,0634","0,2442","ambiguous","-6,37","-6,02","-0,1236","0,2175","-0,9288","35","gann_state_exit"
"tr_0fed1a70e862","1","2019-07-16T15:00:00+00:00","2019-07-17T20:00:00+00:00","long","long","1","15","7","1","0,000286","0,003571","0,00054426","9","10","0,00267674","-1,910305","0,00069333","0,00066732","0,00258412","0,00035593","2","2,5","0,00173101","False","108,112","107,9249","97,1836","0,1682","worthwhile","-1,37","-1,02","-0,0266","1,416","-0,2779","29","gann_state_exit"
"tr_32edea38eea4","1","2019-07-18T00:00:00+00:00","2019-07-19T17:00:00+00:00","short","short","3","0","7","-1","-0,008619","-0,012286","-0,00260023","6","7","0,00426167","-0,457542","0,00078969","-0,0028085","0,00362242","0,00044729","1","2,5","0,00197497","False","107,898","108,1111","97,2095","0,192","worthwhile","10,89","11,24","0,2117","3,2192","-0,5537","41","gann_state_exit"
"tr_5b708ef6aafe","1","2019-07-23T04:00:00+00:00","2019-07-24T11:00:00+00:00","long","long","1","4","7","1","0,004571","-0,004524","0,0014311","0","1","0,00375895","-0,661765","0,00083944","0,00045387","0,00285161","0,00046065","2","2,713235","0,00227628","False","108,071","107,825","97,0041","0,2208","worthwhile","-1,97","-1,62","-0,0382","0,878","-0,3496","31","gann_state_exit"
"tr_cb747155de23","1","2019-07-25T16:00:00+00:00","2019-07-29T05:00:00+00:00","long","long","3","16","7","1","0,004762","0,001952","0,00061101","0","1","0,00291198","-1,214612","0,00057843","0,00042542","0,00191358","0,00031234","3","2,876712","0,00166279","False","108,252","108,072","97,0412","0,1614","worthwhile","9,93","10,28","0,1927","3,2","0,0","37","reverse"
"tr_fd483872ff48","1","2019-07-29T18:00:00+00:00","2019-07-30T07:00:00+00:00","long","long","0","18","7","1","0,005","-0,002476","0,00223895","0","1","0,00379487","0,041667","0,00066158","0,00117752","0,00379487","0,00055398","2","2,930556","0,00193861","True","108,841","108,63","96,8546","0,1878","worthwhile","-9,69","-9,34","-0,1878","0,5118","-0,9858","13","gann_state_exit"
"tr_aebf55e1956e","1","2019-07-31T22:00:00+00:00","2019-08-01T16:00:00+00:00","long","long","2","22","7","1","0,018095","-0,002714","0,00228506","0","1","0,00501926","0,824159","0,00085887","0,00166667","0,00466993","0,00061443","3","2,932722","0,00251861","True","108,79","108,516","97,0367","0,2444","worthwhile","-13,07","-12,72","-0,2536","1,9343","-1,2117","18","stop"
"tr_5ecc7c852683","1","2019-08-01T16:00:00+00:00","2019-08-06T07:00:00+00:00","short","short","3","16","8","-1","0,013619","0,003381","-0,0035774","0","1","0,00762115","-1,011013","0,00139292","0,00047885","0,00740025","0,00126918","2","2,920705","0,00407411","False","108,49","108,932","58,3701","0,2378","worthwhile","55,56","55,77","1,081","6,7172","-0,0068","63","gann_state_exit"
"tr_e75cc4aa57d0","1","2019-08-06T07:00:00+00:00","2019-08-07T03:00:00+00:00","long","long","1","7","8","1","0,023667","0,014857","0,0057984","2","3","0,01090151","-0,912178","0,00235728","0,00524811","0,00933342","0,0015907","1","2,5","0,00588044","False","106,73","106,1024","38,4972","0,2264","bad","-12,01","-11,87","-0,2311","0,0351","-1,0548","20","stop"
"tr_b2b79014a54a","1","2019-08-13T17:00:00+00:00","2019-08-14T16:00:00+00:00","long","long","1","17","8","1","0,059667","-0,005143","0,01229549","0","1","0,01521394","4,676389","0,00193074","0,01165021","0,01506377","0,00294587","3","6,615972","0,01277275","True","106,555","105,194","19,2932","0,2464","bad","-5,27","-5,2","-0,1016","0,1572","-0,5709","23","gann_state_exit"
"tr_74810a6824a3","1","2019-08-20T15:00:00+00:00","2019-08-20T16:00:00+00:00","short","short","1","15","8","-1","-0,00981","-0,007476","-0,0020848","5","6","0,0042502","-1,340692","0,00075046","-0,00144598","0,00370482","0,00038497","1","2,5","0,00187807","False","106,239","106,4385","96,5642","0,1814","worthwhile","-9,82","-9,47","-0,1896","0,3859","-1,0224","1","stop"
"tr_51d0419cbbe4","1","2019-08-23T08:00:00+00:00","2019-08-23T15:00:00+00:00","long","long","4","8","8","1","0,006048","0,011143","0,00166542","4","5","0,00377132","-0,610169","0,0009225","0,00184214","0,00361184","0,00060787","3","2,5","0,00230492","False","106,656","106,4102","96,7477","0,223","worthwhile","-12,0","-11,65","-0,2321","0,3173","-1,0902","7","stop"
"tr_598345f37cc1","1","2019-08-23T18:00:00+00:00","2019-08-26T13:00:00+00:00","short","short","4","18","8","-1","0,008048","-0,018714","-0,00546396","0","1","0,00711307","2,255155","0,0010458","-0,00387167","0,00711307","0,00122975","2","5,565722","0,00582048","True","106,005","106,622","38,7892","0,2258","worthwhile","4,28","4,42","0,0831","2,5267","0,0","19","gann_state_exit"
"tr_f3cf113ac8b8","1","2019-08-28T21:00:00+00:00","2019-08-30T16:00:00+00:00","long","long","2","21","8","1","0,010619","0,008952","0,00215268","4","5","0,00395354","-0,846395","0,00100332","0,00220335","0,00335909","0,00039727","1","2,5","0,00250614","False","106,073","105,8072","96,8925","0,2428","worthwhile","5,02","5,37","0,0972","2,2947","-0,9141","43","gann_state_exit"
"tr_6e039e2b0206","1","2019-09-03T18:00:00+00:00","2019-09-04T10:00:00+00:00","short","short","1","18","9","-1","0,004381","-0,018333","-0,00342128","0","1","0,00624221","0,236486","0,00119799","-0,00277812","0,00611","0,0010866","4","2,92455","0,00350354","True","105,893","106,264","58,079","0,2035","bad","-10,74","-10,53","-0,2079","0,1725","-0,9811","16","stop"
"tr_3f518c39e25e","1","2019-09-04T21:00:00+00:00","2019-09-06T18:00:00+00:00","long","long","2","21","9","1","0,014048","0,015857","0,0022014","11","12","0,0058704","-0,839246","0,00099766","0,00347406","0,0050143","0,00060415","1","2,5","0,00249202","False","106,387","106,1219","97,0","0,2417","worthwhile","17,59","17,94","0,3412","3,1797","-0,3168","45","gann_state_exit"
"tr_b2bdec9b8267","1","2019-09-09T17:00:00+00:00","2019-09-12T16:00:00+00:00","long","long","0","17","9","1","0,007286","0,010714","0,00111039","6","7","0,00438326","-1,139875","0,00085271","0,00149759","0,00296267","0,00046095","1","2,5","0,00212966","False","107,104","106,8759","96,6701","0,2059","worthwhile","27,32","27,67","0,5282","4,6603","-0,7672","71","reverse"
"tr_59c7f0ed3517","1","2019-09-12T21:00:00+00:00","2019-09-13T13:00:00+00:00","long","long","3","21","9","1","0,011286","0,009333","0,0021934","2","3","0,00597622","-0,510466","0,00130485","0,00262494","0,00597622","0,00070311","2","2,5","0,00325989","False","108,169","107,8164","57,6973","0,1881","worthwhile","-5,38","-5,17","-0,1034","0,2581","-0,743","16","gann_state_exit"
"tr_f59874b9f08e","1","2019-09-17T02:00:00+00:00","2019-09-17T22:00:00+00:00","long","long","1","2","9","1","0,017286","0,02219","0,00239991","9","10","0,00670557","-0,608428","0,0010033","0,00303362","0,00451355","0,00047785","1","2,5","0,00250668","False","108,187","107,9158","96,2618","0,2413","worthwhile","0,02","0,37","0,0004","0,6748","-0,6084","20","gann_state_exit"
"tr_4e3a375f3563","1","2019-09-18T22:00:00+00:00","2019-09-19T04:00:00+00:00","long","long","2","22","9","1","0,014095","0,001095","0,00173393","0","1","0,00351664","-0,154103","0,00065885","0,0021645","0,00324897","0,00057521","3","3,40427","0,00224263","False","108,355","108,112","96,2614","0,2159","worthwhile","-11,68","-11,33","-0,2249","0,5062","-1,4938","6","stop"
"tr_f74107075256","1","2019-09-19T05:00:00+00:00","2019-09-24T05:00:00+00:00","short","short","3","5","9","-1","0,004571","-0,00919","-0,00220106","0","1","0,00449729","-0,085627","0,00086456","-0,00140459","0,00449729","0,0007933","3","2,804281","0,00242469","False","108,055","108,317","96,4783","0,2339","worthwhile","21,4","21,75","0,4129","2,8397","-0,3244","72","gann_state_exit"
"tr_baf21dba8318","1","2019-09-24T18:00:00+00:00","2019-09-25T17:00:00+00:00","short","short","1","18","9","-1","0,005762","-0,004476","-0,00207253","0","1","0,00453386","-0,997234","0,00096157","-0,00043737","0,0039101","0,00070062","2","3,272476","0,00314978","False","107,309","107,647","76,8653","0,2421","worthwhile","-9,58","-9,3","-0,184","1,0266","-0,926","23","gann_state_exit"
"tr_4698f4b08271","1","2019-09-25T17:00:00+00:00","2019-09-26T14:00:00+00:00","long","long","2","17","9","1","0,012857","0,019048","0,00339165","4","5","0,00777335","-1,80082","0,001296","0,00413617","0,00613685","0,00063585","1","2,511104","0,00324675","False","107,8","107,45","57,7553","0,1875","ambiguous","-6,6","-6,39","-0,127","0,2429","-0,7229","21","gann_state_exit"
"tr_fb98066bef61","1","2019-09-26T22:00:00+00:00","2019-09-30T10:00:00+00:00","long","long","3","22","9","1","0,003952","0,003286","0,00167597","2","3","0,00592775","-0,845051","0,00095505","0,00045476","0,00428579","0,00057945","4","2,5","0,00238565","False","107,887","107,6296","96,3813","0,2299","worthwhile","-3,27","-2,92","-0,0631","1,1462","-0,8936","36","gann_state_exit"
"tr_c7c1f01b131e","1","2019-10-01T18:00:00+00:00","2019-10-04T18:00:00+00:00","short","short","1","18","10","-1","0,010143","-0,013952","-0,0039726","0","1","0,00673182","-0,827346","0,00114316","-0,00216506","0,0059993","0,001218","1","5,264195","0,00602365","False","107,742","108,391","38,5768","0,2324","worthwhile","15,99","16,13","0,3084","1,9384","-0,2342","72","gann_state_exit"
"tr_11e7e284fa25","1","2019-10-10T15:00:00+00:00","2019-10-14T11:00:00+00:00","long","long","3","15","10","1","0,00219","0,001333","0,00083492","10","11","0,00687749","-1,180077","0,001388","0,00014893","0,00687749","0,00110845","2","2,5","0,00346425","False","107,63","107,2571","57,6873","0,1998","worthwhile","15,68","15,89","0,3015","2,6713","-0,1877","44","gann_state_exit"
"tr_e9d4f18f8d05","1","2019-10-15T17:00:00+00:00","2019-10-16T22:00:00+00:00","long","long","1","17","10","1","0,001095","-0,002381","0,0014409","0","1","0,00401055","0,071672","0,00077182","0,0006181","0,00287653","0,00045804","2","2,5","0,00192936","True","108,474","108,2647","95,8565","0,1849","worthwhile","12,84","13,19","0,2462","2,0355","0,0","29","gann_state_exit"
"tr_9d5408b88e65","1","2019-10-17T17:00:00+00:00","2019-10-18T14:00:00+00:00","short","short","3","17","10","-1","0,000952","-0,00519","-0,00192211","0","1","0,00354558","-0,299542","0,00086085","-0,00087412","0,00354558","0,00050115","2","2,5","0,00215272","False","108,556","108,7897","95,6211","0,2058","worthwhile","-5,55","-5,2","-0,1061","0,4365","-0,7189","21","gann_state_exit"
"tr_d79d2c56dc7c","1","2019-10-18T16:00:00+00:00","2019-10-21T11:00:00+00:00","short","short","4","16","10","-1","-0,005333","0,000619","-0,00084619","0","1","0,00446782","-1,247772","0,00073828","0,00033174","0,00248724","0,00045678","2","2,5","0,00184743","False","108,452","108,6524","95,7227","0,1768","worthwhile","-9,66","-9,31","-0,185","0,8135","-1,0531","19","stop"
"tr_128c35d1f999","1","2019-10-23T18:00:00+00:00","2019-10-24T18:00:00+00:00","long","long","2","18","10","1","0,002286","0,000952","0,00218023","2","3","0,00364584","-0,576558","0,00083035","0,00146601","0,0034525","0,00041067","3","2,5","0,00207485","False","108,671","108,4455","95,9001","0,199","worthwhile","-7,77","-7,42","-0,149","0,3637","-0,7761","24","gann_state_exit"
"tr_d4304f5fac7d","1","2019-10-30T21:00:00+00:00","2019-10-30T22:00:00+00:00","long","long","2","21","10","1","0,001286","0,001429","0,00032762","5","6","0,0020943","-2,408978","0,0005262","-0,00015613","0,00169014","0,00021039","1","2,5","0,00131381","False","109,007","108,8638","96,0432","0,1262","bad","-7,02","-6,67","-0,1348","0,0","-1,99","1","stop"
"tr_8010cced50c0","1","2019-10-31T04:00:00+00:00","2019-11-01T18:00:00+00:00","short","short","3","4","10","-1","-0,00019","-0,004048","-0,00100972","2","3","0,00518382","-0,809689","0,00088542","-0,00039506","0,00518382","0,00036762","2","2,5","0,00221517","False","108,72","108,9608","96,1729","0,213","worthwhile","29,49","29,84","0,5672","3,4547","-0,137","38","gann_state_exit"
"tr_37d4c6c3abf1","1","2019-11-07T12:00:00+00:00","2019-11-08T19:00:00+00:00","long","long","3","12","11","1","0,001143","-0,001524","0,00206916","2","3","0,0048963","-1,212649","0,00095271","0,00089938","0,00440117","0,00070639","1","2,5","0,00237899","False","109,19","108,9302","95,6305","0,2275","worthwhile","-2,82","-2,47","-0,054","1,1472","-0,4235","31","gann_state_exit"
"tr_3b85cc9fdca5","1","2019-11-13T02:00:00+00:00","2019-11-13T07:00:00+00:00","short","short","2","2","11","-1","-0,008143","-0,008143","-0,00156097","7","8","0,00339456","-1,2625","0,00073396","-0,00138343","0,00339456","0,00046288","1","2,5","0,00183663","False","108,895","109,095","95,6821","0,1757","bad","-9,61","-9,26","-0,1839","0,0","-1,02","5","stop"
"tr_7186c36d7795","1","2019-11-13T14:00:00+00:00","2019-11-15T07:00:00+00:00","short","short","2","14","11","-1","-0,009095","-0,007667","-0,00136921","2","3","0,00398436","-0,612181","0,0008398","-0,00199736","0,00352533","0,00064731","3","2,5","0,00210062","False","108,868","109,0967","95,8583","0,2014","worthwhile","12,59","12,94","0,2414","2,733","-0,1662","41","gann_state_exit"
"tr_fd3475e4ee95","1","2019-11-19T03:00:00+00:00","2019-11-19T10:00:00+00:00","short","short","1","3","11","-1","-0,006952","-0,014905","-0,00280507","11","12","0,00540959","-0,300153","0,00085969","-0,00279373","0,00540959","0,00077132","1","2,5","0,00214982","False","108,481","108,7142","95,6275","0,2056","bad","-11,17","-10,82","-0,2136","0,0","-1,192","7","stop"
"tr_c1bbfad76727","1","2019-11-19T18:00:00+00:00","2019-11-20T16:00:00+00:00","short","short","1","18","11","-1","0,001429","-0,00419","-0,00190485","0","1","0,00565003","-0,372152","0,00086684","-0,00137145","0,00347481","0,00062852","2","2,5","0,00216783","False","108,458","108,6931","95,8323","0,2077","worthwhile","-11,26","-10,91","-0,2158","0,4678","-0,9782","22","stop"
"tr_7bc5afba695f","1","2019-11-21T02:00:00+00:00","2019-11-21T09:00:00+00:00","short","short","3","2","11","-1","-0,000143","0,001333","-0,00101057","1","2","0,00362305","-1,080946","0,00105755","-3,687E-05","0,00361384","0,00059557","2","2,5","0,00264694","False","108,346","108,6328","76,8316","0,2034","ambiguous","-10,91","-10,63","-0,2096","0,2371","-1,1333","7","stop"
"tr_3e2c7cdf6109","1","2019-11-22T17:00:00+00:00","2019-11-26T13:00:00+00:00","long","long","4","17","11","1","0,002762","0,002","0,0008729","0","1","0,00230056","-0,587097","0,00061129","0,0003406","0,00212572","0,0003571","2","2,5","0,00152766","False","108,71","108,5439","96,2412","0,147","worthwhile","11,26","11,61","0,2167","3,0047","-0,7708","44","gann_state_exit"
"tr_4b5463edbf2e","1","2019-11-29T14:00:00+00:00","2019-11-29T17:00:00+00:00","long","long","4","14","11","1","0,001333","0,001619","0,00069708","5","6","0,00207168","-0,788486","0,00034724","0,00034692","0,00137808","0,00017849","2","2,5","0,00086783","False","109,605","109,5099","96,0331","0,0833","worthwhile","-4,78","-4,43","-0,0919","0,6834","-1,4824","3","stop"
"tr_c89c1b2aaedc","1","2019-12-02T03:00:00+00:00","2019-12-02T15:00:00+00:00","long","long","0","3","12","1","0,009238","0,003476","0,00160364","0","1","0,00268099","-0,13836","0,00059317","0,00167157","0,00268099","0,00043277","4","2,5","0,00148278","False","109,672","109,5094","96,1213","0,1425","worthwhile","-7,87","-7,52","-0,1512","0,3444","-1,1684","12","stop"
"tr_efc427449018","1","2019-12-02T17:00:00+00:00","2019-12-04T14:00:00+00:00","short","short","0","17","12","-1","0,00619","0,004429","-0,00081953","1","2","0,00301293","-1,85336","0,00064041","0,00061209","0,00301293","0,00043714","2","3,050916","0,0019562","False","109,396","109,61","96,267","0,1883","worthwhile","32,31","32,66","0,6221","4,5234","0,0","45","gann_state_exit"
"tr_d690350a5b9d","1","2019-12-06T23:00:00+00:00","2019-12-09T20:00:00+00:00","short","short","4","23","12","-1","-0,007571","-0,008095","-0,00130223","3","4","0,00389618","-0,413793","0,00080134","-0,00191219","0,00360143","0,00070683","2","2,5","0,00200405","False","108,53","108,7475","95,6718","0,1917","worthwhile","-7,25","-6,9","-0,1387","0,4598","-0,6437","21","gann_state_exit"
"tr_d9eb5f2a2123","1","2019-12-10T18:00:00+00:00","2019-12-11T15:00:00+00:00","long","long","1","18","12","1","0,002333","-0,001","0,00122569","0","1","0,00301734","-0,748991","0,00065095","0,00072727","0,00224461","0,00030541","2","2,5","0,00162656","False","108,76","108,5831","95,8047","0,1558","worthwhile","-1,55","-1,2","-0,0296","0,5427","-0,5935","21","gann_state_exit"
"tr_c64a65fe0538","2","2019-12-11T21:00:00+00:00","2019-12-12T11:00:00+00:00","short","short","2","21","12","-1","-0,003095","-0,00319","-0,0006555","8","9","0,00314691","-2,779661","0,00054289","-0,0010846","0,00201513","0,0002018","1","3,254237","0,00176939","False","108,512","108,704","95,8332","0,1696","worthwhile","-9,27","-8,92","-0,1777","0,2865","-1,0","14","stop"
"tr_596f3c993894","2","2019-12-12T16:00:00+00:00","2019-12-13T19:00:00+00:00","long","long","3","16","12","1","-0,002381","-0,003667","0,00012894","4","5","0,0031406","-4,206052","0,00060874","-0,00103045","0,00289193","0,00046224","1","4,508646","0,00273751","False","108,858","108,56","76,803","0,2102","worthwhile","15,39","15,67","0,2954","2,8456","0,0","27","gann_state_exit"
"tr_6a6ce95ca922","2","2019-12-18T15:00:00+00:00","2019-12-19T13:00:00+00:00","long","long","2","15","12","1","-0,001143","-0,000286","0,00115032","1","2","0,00212638","-0,948494","0,00054843","0,00051132","0,00166095","0,00029671","1","2,5","0,00137035","False","109,635","109,4848","95,7209","0,1312","worthwhile","-5,65","-5,3","-0,1081","0,3395","-0,9784","22","gann_state_exit"
"tr_28f3c2e6d05c","2","2019-12-19T15:00:00+00:00","2019-12-20T15:00:00+00:00","short","short","3","15","12","-1","-0,004095","-0,001952","-0,00093241","2","3","0,00261197","-1,868397","0,00046925","-0,00086686","0,00218273","0,00031844","1","2,5","0,00117417","False","109,398","109,5265","95,8245","0,1125","worthwhile","3,26","3,61","0,0625","1,6738","-0,0545","24","gann_state_exit"
"tr_f9be2400ed17","2","2019-12-24T18:00:00+00:00","2019-12-26T02:00:00+00:00","short","short","1","18","12","-1","-0,000143","-0,002","-0,00064499","0","1","0,00109748","-0,028649","0,00031923","-0,00025601","0,00105176","0,00016636","2","2,5","0,00079809","False","109,338","109,4253","95,7647","0,0764","bad","-4,43","-4,08","-0,0848","0,0","-2,2347","5","stop"
"tr_c189b1e8b518","2","2019-12-26T03:00:00+00:00","2019-12-27T04:00:00+00:00","long","long","3","3","12","1","0,004381","9,5E-05","0,00141169","0","1","0,00188993","1,961276","0,00038172","0,00117002","0,00188993","0,00037545","2","4,185649","0,00159762","True","109,538","109,363","95,846","0,1531","worthwhile","-2,18","-1,83","-0,0417","0,8343","-0,6057","25","gann_state_exit"
"tr_2e9e3adb0a6a","2","2019-12-27T21:00:00+00:00","2020-01-02T04:00:00+00:00","short","short","4","21","12","-1","-0,008048","-0,007429","-0,00069742","2","3","0,0023024","-0,305982","0,00056733","-0,0011043","0,00175421","0,00041533","3","2,5","0,00141861","False","109,43","109,5852","95,8861","0,136","worthwhile","34,02","34,37","0,6523","6,1712","-0,5153","52","gann_state_exit"
"tr_ab9b5bbbca14","2","2020-01-02T17:00:00+00:00","2020-01-06T12:00:00+00:00","short","short","3","17","1","1","0,003619","0,007857","-6,13E-06","0","1","0,00362552","-2,496763","0,00074447","6,442E-05","0,00320224","0,00040308","2","3,460859","0,00258136","False","108,47","108,75","95,2646","0,2459","worthwhile","21,6","21,95","0,4115","2,4964","-0,5786","43","gann_state_exit"
"tr_33317a2f9b79","2","2020-01-08T02:00:00+00:00","2020-01-08T04:00:00+00:00","short","short","2","2","1","-1","-0,000619","-0,02819","-0,00477169","0","1","0,00739829","0,55724","0,00116316","-0,00437897","0,00739829","0,00113096","1","3,773313","0,00438905","True","107,996","108,47","56,9245","0,2498","worthwhile","-13,37","-13,16","-0,2538","0,3924","-0,9831","2","stop"
"tr_1827b9ac1e7a","2","2020-01-08T13:00:00+00:00","2020-01-10T21:00:00+00:00","long","long","2","13","1","1","0,013619","0,000333","0,00361831","0","1","0,01022267","0,260999","0,00176271","0,00237035","0,01022267","0,00145425","2","2,5","0,00440637","True","108,69","108,2111","38,0462","0,1676","worthwhile","15,27","15,41","0,2905","2,088","-0,1524","56","gann_state_exit"
"tr_bbd3ccc8b10a","2","2020-01-13T10:00:00+00:00","2020-01-14T23:00:00+00:00","long","long","0","10","1","1","-0,000571","0,000333","0,0007875","6","7","0,00234427","-0,946785","0,0005877","5,473E-05","0,00234427","0,00027003","2","2,5","0,0014684","False","109,692","109,5309","94,8399","0,1393","worthwhile","11,56","11,91","0,2193","3,2284","-0,0621","37","gann_state_exit"
"tr_449621055730","2","2020-01-21T02:00:00+00:00","2020-01-21T03:00:00+00:00","long","long","1","2","1","1","-0,001238","-0,001333","0,00014566","3","4","0,001543","-1,53833","0,00025371","-0,00010891","0,00080781","0,00016189","3","2,5","0,00063401","False","110,22","110,1501","94,6324","0,06","bad","-3,61","-3,26","-0,0684","0,0","-4,522","1","stop"
"tr_876554dbbb0b","2","2020-01-21T04:00:00+00:00","2020-01-22T07:00:00+00:00","short","short","1","4","1","-1","0,000905","-0,012714","-0,002185","0","1","0,00290135","2,272131","0,00039629","-0,00210563","0,00290135","0,00056691","4","6,127869","0,00242842","True","109,948","110,215","94,6971","0,23","worthwhile","-3,44","-3,09","-0,0652","0,6966","-0,6517","27","gann_state_exit"
"tr_acb2ea08fb8a","2","2020-01-28T17:00:00+00:00","2020-01-29T14:00:00+00:00","long","long","1","17","1","1","-0,001333","-0,001143","0,0009702","2","3","0,00350427","-1,27333","0,00092215","0,00011927","0,0031465","0,00070727","3","2,5","0,00230263","False","109,14","108,8887","94,7589","0,2182","worthwhile","-3,1","-2,75","-0,0588","0,4894","-0,5252","21","gann_state_exit"
"tr_654b454a6f41","2","2020-01-29T21:00:00+00:00","2020-01-29T22:00:00+00:00","long","long","2","21","1","1","0,002286","0,001714","0,0008723","-1","1","0,00464371","-0,888379","0,00085573","-0,0005035","0,00261953","0,00045448","2","2,5","0,00213766","False","109,265","109,0314","94,8146","0,2027","bad","-11,15","-10,8","-0,2115","0,0","-1,1517","1","stop"
"tr_76fd4c8abbe8","2","2020-01-31T17:00:00+00:00","2020-02-03T12:00:00+00:00","short","short","4","17","1","-1","0,005048","0,006571","-0,00225752","1","2","0,00507549","-1,725212","0,00092735","0,00112302","0,0050479","0,00063794","2","3,033994","0,00281815","False","108,582","108,888","76,0124","0,2142","worthwhile","2,08","2,36","0,0395","0,8954","-0,3856","19","gann_state_exit"
"tr_a7d40f496279","2","2020-02-07T12:00:00+00:00","2020-02-07T15:00:00+00:00","short","short","4","12","2","-1","0,000857","-0,003238","-0,0016873","0","1","0,00219522","-0,062874","0,00072437","-0,00090096","0,00219522","0,00050975","3","2,5","0,00181103","False","109,777","109,9758","94,9779","0,172","bad","-9,48","-9,13","-0,1801","0,1962","-1,1116","3","stop"
"tr_0aadfe45a967","2","2020-02-11T04:00:00+00:00","2020-02-11T21:00:00+00:00","long","long","1","4","2","1","0,003524","0,003571","0,00118389","1","2","0,00288581","-0,39449","0,0006923","0,00064677","0,00194815","0,000334","3","2,5","0,00173024","False","109,88","109,6899","95,1493","0,1646","worthwhile","-4,86","-4,51","-0,0925","0,4523","-0,6943","17","gann_state_exit"
"tr_9be438ece12f","2","2020-02-12T10:00:00+00:00","2020-02-13T04:00:00+00:00","long","long","2","10","2","1","0,001476","0,000571","0,00081343","6","7","0,00221146","-1,255516","0,00060888","0,00029131","0,00217506","0,00041573","4","2,5","0,00152101","False","109,968","109,8007","95,2374","0,1449","worthwhile","-1,35","-1,0","-0,0257","0,9028","-0,9865","18","gann_state_exit"
"tr_623f98745294","2","2020-02-13T09:00:00+00:00","2020-02-14T05:00:00+00:00","short","short","3","9","2","-1","-0,012667","-0,008857","-0,00183604","7","8","0,00335118","-1,103896","0,0007012","-0,00139135","0,00312352","0,00051531","1","2,5","0,00175439","False","109,725","109,9175","95,2619","0,1671","worthwhile","-7,22","-6,87","-0,1376","0,5558","-0,7636","20","gann_state_exit"
"tr_f3fc5e9e8944","2","2020-02-18T04:00:00+00:00","2020-02-18T16:00:00+00:00","short","short","1","4","2","-1","-0,001762","-0,004143","-0,00111225","3","4","0,00239585","-1,600412","0,00042122","-0,00061908","0,00237763","0,00026447","1","2,5","0,00105377","False","109,697","109,8126","95,3931","0,1005","worthwhile","-5,7","-5,35","-0,1088","0,3374","-2,1714","12","stop"
"tr_b62aaa7b6441","2","2020-02-19T03:00:00+00:00","2020-02-21T12:00:00+00:00","long","long","2","3","2","1","0,011238","0,011476","0,00130536","10","11","0,00276582","-0,709655","0,0006282","0,00153082","0,00260206","0,0004601","1","2,5","0,00156978","False","109,964","109,7914","95,4969","0,1499","worthwhile","77,31","77,66","1,4767","13,1156","0,0","57","gann_state_exit"
"tr_01ab8c3a49c7","2","2020-03-03T17:00:00+00:00","2020-03-04T15:00:00+00:00","short","short","1","17","3","-1","-0,008238","-0,005905","-0,00441605","10","11","0,01093155","-1,165401","0,00244663","-0,00245518","0,00874896","0,00170435","2","2,5","0,00613418","False","107,361","108,0196","37,6429","0,2309","worthwhile","-3,67","-3,53","-0,0691","0,7774","-0,5026","22","gann_state_exit"
"tr_65886bdd8989","2","2020-03-05T12:00:00+00:00","2020-03-10T05:00:00+00:00","short","short","3","12","3","-1","-0,019857","-0,025952","-0,00500337","7","8","0,0077141","-0,550709","0,00166393","-0,00493129","0,0077141","0,00131041","3","2,5","0,00416372","False","106,847","107,2919","56,5035","0,2353","worthwhile","102,74","102,95","1,9351","12,7337","-0,4203","65","gann_state_exit"
"tr_a66c1ee6a86b","2","2020-03-18T16:00:00+00:00","2020-03-20T12:00:00+00:00","long","long","2","16","3","1","0,002667","0,006476","0,00398901","4","5","0,01581182","-0,7274","0,00284809","0,00066934","0,01031206","0,00193219","2","2,5","0,00710538","False","107,866","107,0996","18,4769","0,1313","worthwhile","18,44","18,51","0,3407","4,5627","-0,1722","44","gann_state_exit"
"tr_d82ae1b15060","2","2020-03-20T18:00:00+00:00","2020-03-23T04:00:00+00:00","long","long","4","18","3","1","0,026571","0,024238","0,0067004","1","2","0,02622277","-1,03679","0,00406172","0,00194252","0,01833249","0,0027496","4","2,5","0,01011154","False","111,365","110,2389","18,4142","0,1862","bad","-10,3","-10,23","-0,1897","0,1261","-1,0914","10","stop"
"tr_827f87d22f57","2","2020-03-26T03:00:00+00:00","2020-03-30T17:00:00+00:00","short","short","3","3","3","-1","9,5E-05","0,001857","-0,00520408","1","2","0,00867031","-0,92807","0,00232343","-0,00238517","0,00772298","0,00133886","1","2,5","0,00582122","False","110,597","111,2408","36,8984","0,2148","worthwhile","50,14","50,28","0,925","5,3991","-0,4007","62","gann_state_exit"
"tr_7a39bffada02","2","2020-04-01T03:00:00+00:00","2020-04-02T07:00:00+00:00","short","short","2","3","4","-1","-0,042905","-0,048905","-0,00656993","9","10","0,01234304","-0,630445","0,0027147","-0,00814628","0,01234304","0,00158681","1","2,5","0,00679851","False","107,324","108,0536","36,5602","0,2486","worthwhile","-2,39","-2,25","-0,0437","0,5551","-0,8442","28","gann_state_exit"
"tr_e6f678c944ec","2","2020-04-09T17:00:00+00:00","2020-04-15T13:00:00+00:00","short","short","3","17","4","-1","0,004238","-0,000476","-0,00262361","0","1","0,00465728","-0,434659","0,00107995","-0,00078174","0,00426151","0,0006203","2","2,5","0,00270119","False","108,594","108,8873","91,4404","0,247","worthwhile","56,13","56,48","1,0265","5,683","0,0","92","gann_state_exit"
"tr_8a0ad3e15108","2","2020-04-15T16:00:00+00:00","2020-04-15T19:00:00+00:00","long","long","2","16","4","1","0,017857","0,014667","0,00409813","5","6","0,00774509","-1,489216","0,00135483","0,00432351","0,00635971","0,00094162","1","2,772549","0,00374869","False","107,771","107,367","54,3068","0,2036","bad","-11,55","-11,34","-0,2092","0,1634","-1,0495","3","stop"
"tr_ba60a8f78dc9","2","2020-04-17T02:00:00+00:00","2020-04-17T10:00:00+00:00","long","long","4","2","4","1","0,007952","0,008952","0,00278091","2","3","0,00849357","-0,665513","0,0016562","0,00114985","0,00849357","0,00091987","2","2,5","0,00413585","False","108,085","107,638","54,4206","0,2251","bad","-12,73","-12,52","-0,2308","0,0","-1,0223","8","stop"
"tr_91f27da5b8de","2","2020-04-22T17:00:00+00:00","2020-04-23T11:00:00+00:00","long","long","2","17","4","1","0,005333","0,003095","0,00180633","0","1","0,00589719","-0,380874","0,00107117","0,00037103","0,00373674","0,00056573","2","2,5","0,00267679","False","107,894","107,6052","90,9109","0,2433","bad","-12,24","-11,89","-0,2226","0,0","-0,9037","18","gann_state_exit"
"tr_ac5b6ae13eb8","2","2020-04-23T14:00:00+00:00","2020-04-23T16:00:00+00:00","short","short","3","14","4","-1","-0,013048","-0,008048","-0,00225579","3","4","0,00393291","-0,418926","0,00086557","-0,00233753","0,00372836","0,0004566","1","2,5","0,00216474","False","107,513","107,7457","91,1137","0,1972","worthwhile","-11,24","-10,89","-0,2049","0,7132","-2,2772","2","stop"
"tr_1c3261117401","2","2020-04-28T12:00:00+00:00","2020-04-29T22:00:00+00:00","short","short","1","12","4","-1","-0,00419","-0,003524","-0,00208055","1","2","0,00588532","-0,54173","0,00087946","-0,00034553","0,00337238","0,00048481","2","2,5","0,00219974","False","106,993","107,2284","91,3007","0,2008","worthwhile","17,99","18,34","0,3285","2,6895","0,0","34","gann_state_exit"
"tr_cd02a23fcd78","2","2020-04-30T18:00:00+00:00","2020-05-01T14:00:00+00:00","long","long","3","18","4","1","0,022286","-0,009619","0,00358099","0","1","0,00806157","0,297227","0,00154177","0,00316165","0,00762202","0,00100054","2","2,948007","0,00454486","True","106,934","106,448","54,601","0,2482","worthwhile","-4,51","-4,3","-0,0821","1,1646","-0,4053","20","gann_state_exit"
"tr_f70fceec0bd8","2","2020-05-05T03:00:00+00:00","2020-05-05T12:00:00+00:00","short","short","1","3","5","-1","-0,002238","-0,000667","-0,00120233","5","6","0,00414253","-0,958809","0,00089929","-0,00063691","0,00406756","0,00048323","2","2,5","0,00225021","False","106,604","106,8439","91,0765","0,2049","worthwhile","-11,67","-11,32","-0,2126","0,371","-1,2131","9","stop"
"tr_7489e54f2c68","2","2020-05-05T18:00:00+00:00","2020-05-07T07:00:00+00:00","short","short","1","18","5","-1","-0,009048","-0,009952","-0,0012235","1","2","0,00524375","-0,865591","0,00099702","-0,00118056","0,00360215","0,00057981","2","2,5","0,00249476","False","106,509","106,7747","91,2705","0,2277","worthwhile","14,72","15,07","0,2687","1,9608","-0,4177","37","gann_state_exit"
"tr_8d1b45b30de5","2","2020-05-07T16:00:00+00:00","2020-05-07T19:00:00+00:00","long","long","3","16","5","1","0,023667","0,020905","0,00283082","11","12","0,00585081","-1,226151","0,00108761","0,0044335","0,00585081","0,00068625","1","2,5","0,00271535","False","106,625","106,3355","91,0259","0,2472","bad","-14,06","-13,71","-0,2559","0,1071","-1,2918","3","stop"
"tr_89dec78dd24c","2","2020-05-08T16:00:00+00:00","2020-05-12T09:00:00+00:00","long","long","4","16","5","1","0,006","-0,003333","0,0035424","0","1","0,00522186","0,102895","0,00100223","0,00330148","0,00454686","0,00071809","2","3,788419","0,00379651","True","106,677","106,272","54,7557","0,2079","worthwhile","20,71","20,92","0,3779","2,6938","-0,7062","41","gann_state_exit"
"tr_992e73aed8b2","2","2020-05-26T14:00:00+00:00","2020-05-27T14:00:00+00:00","short","short","1","14","5","-1","-0,000905","-0,001619","-0,00129877","1","2","0,0027497","-0,341211","0,00059895","-0,00043642","0,0027497","0,00042025","1","2,5","0,00149772","False","107,624","107,7852","90,9159","0,1362","worthwhile","-5,18","-4,83","-0,0941","1,6006","-0,67","24","gann_state_exit"
"tr_91c06a6d9d78","2","2020-05-27T15:00:00+00:00","2020-05-27T20:00:00+00:00","long","long","2","15","5","1","0,008714","0,007429","0,00283342","3","4","0,00491596","-1,095825","0,00093107","0,00166306","0,00431306","0,00045784","1","2,5","0,00232527","False","107,924","107,673","91,0016","0,2116","bad","-12,1","-11,75","-0,2202","0,0917","-1,0918","5","stop"
"tr_253d4ec561d8","2","2020-06-02T14:00:00+00:00","2020-06-08T10:00:00+00:00","long","long","1","14","6","1","0,001571","0,002952","0,00144048","9","10","0,00425915","-1,588652","0,00074764","0,0019338","0,0029879","0,00040639","1","2,5","0,00186684","False","107,898","107,6966","91,2024","0,1703","worthwhile","70,87","71,22","1,2926","9,6957","0,0","92","gann_state_exit"
"tr_ca5f1769744a","2","2020-06-08T16:00:00+00:00","2020-06-12T09:00:00+00:00","short","short","0","16","6","-1","-0,016857","-0,020952","-0,00323203","8","9","0,0069667","-1,745763","0,00108025","-0,00473787","0,00515407","0,00066851","1","3,330508","0,00360464","False","109,026","109,419","54,0231","0,1947","worthwhile","49,27","49,48","0,8872","6,2468","0,0","89","gann_state_exit"
"tr_5badc9c19d14","2","2020-06-12T12:00:00+00:00","2020-06-15T06:00:00+00:00","long","long","4","12","6","1","0,009762","0,006429","0,00454643","5","6","0,00720444","-0,961046","0,00162924","0,00407075","0,00720444","0,00095963","1","2,5","0,00406666","False","107,465","107,028","53,548","0,2178","ambiguous","-8,22","-8,01","-0,1466","0,238","-0,7276","18","gann_state_exit"
"tr_3d982045b18a","2","2020-06-17T21:00:00+00:00","2020-06-19T01:00:00+00:00","short","short","2","21","6","-1","-0,003095","-0,005714","-0,00153621","3","4","0,00454333","-0,219477","0,00093514","-0,00109964","0,00283609","0,00051791","2","2,5","0,00233838","False","107,166","107,4166","89,3778","0,209","worthwhile","9,42","9,77","0,1684","1,9793","0,0","28","gann_state_exit"
"tr_b9063c09827a","2","2020-06-23T16:00:00+00:00","2020-06-24T17:00:00+00:00","short","short","1","16","6","-1","0,004476","-0,014048","-0,004037","0","1","0,00658407","1,029925","0,00107457","-0,00230193","0,00658407","0,00096752","1","3,342893","0,00359223","True","106,619","107,002","53,5365","0,1923","worthwhile","-7,06","-6,85","-0,126","1,4256","-0,7441","25","gann_state_exit"
"tr_d954e583e0fe","2","2020-06-26T11:00:00+00:00","2020-06-26T16:00:00+00:00","short","short","4","11","6","-1","-0,006762","-0,011","-0,00224144","3","4","0,00479489","-0,987","0,00089017","-0,00386392","0,00479489","0,00056558","1","2,625","0,00233879","False","106,893","107,143","89,3401","0,2089","worthwhile","-12,11","-11,76","-0,2164","0,376","-1,2","5","stop"
"tr_5dcb4172b441","2","2020-07-01T11:00:00+00:00","2020-07-02T08:00:00+00:00","short","short","2","11","7","-1","-0,00381","-0,006619","-0,00280914","5","6","0,00597728","-0,406552","0,00118899","-0,00172606","0,00597728","0,00090625","1","2,5","0,00297398","False","107,52","107,8398","71,6271","0,213","worthwhile","2,59","2,87","0,0463","0,5848","-0,2596","21","gann_state_exit"
"tr_80ccf485b56f","2","2020-07-06T04:00:00+00:00","2020-07-06T10:00:00+00:00","long","long","0","4","7","1","0,006905","0,004238","0,00161307","2","3","0,00224778","-1,382445","0,00042328","0,00135794","0,00223849","0,00024597","2","3,37931","0,00142954","False","107,727","107,573","89,4923","0,1279","worthwhile","-7,6","-7,25","-0,136","0,2987","-1,1623","6","stop"
"tr_7a3a1ecb66b5","2","2020-07-06T16:00:00+00:00","2020-07-06T17:00:00+00:00","short","short","0","16","7","-1","0,000143","-0,002429","-0,00110396","3","4","0,00312581","-0,882221","0,00059052","-0,00015813","0,00312581","0,0003501","2","2,5","0,0014771","False","107,434","107,5927","89,6142","0,1324","bad","-7,82","-7,47","-0,1401","0,0","-1,0083","1","stop"
"tr_6ac9c925260c","2","2020-07-07T12:00:00+00:00","2020-07-07T17:00:00+00:00","long","long","1","12","7","1","0,006095","0,004762","0,0028257","3","4","0,0048939","-0,991416","0,00082427","0,00179548","0,00414171","0,00058849","1","2,5","0,00205896","False","107,775","107,5531","89,74","0,1848","bad","-10,76","-10,41","-0,1931","0,0","-1,2438","5","stop"
"tr_007488aeab46","2","2020-07-09T16:00:00+00:00","2020-07-13T05:00:00+00:00","short","short","3","16","7","-1","-0,011333","-0,008857","-0,00098516","0","1","0,00429064","-0,375694","0,00071999","-0,00081083","0,00208003","0,00035123","2","2,5","0,0018005","False","107,179","107,372","89,9137","0,1619","worthwhile","15,33","15,68","0,2756","2,8035","-0,9483","37","gann_state_exit"
"tr_37160262d796","2","2020-07-13T16:00:00+00:00","2020-07-14T21:00:00+00:00","long","long","0","16","7","1","0,020762","0,017","0,00276835","7","8","0,00550383","-0,942216","0,00065344","0,00274075","0,00425381","0,00039014","3","2,5","0,00163257","False","107,266","107,0909","89,6665","0,1464","worthwhile","-3,1","-2,75","-0,0556","0,9536","-0,8451","29","gann_state_exit"
"tr_13c43f9e6000","2","2020-07-20T04:00:00+00:00","2020-07-20T15:00:00+00:00","long","long","0","4","7","1","0,013476","-0,007714","0,00290408","0","1","0,00557801","-0,159736","0,00087446","0,00180049","0,00557801","0,00074335","2","3,652637","0,00319358","False","107,403","107,06","71,7731","0,2292","bad","-11,78","-11,5","-0,2114","0,0175","-0,965","11","gann_state_exit"
"tr_6fd14ee2dda4","2","2020-07-21T16:00:00+00:00","2020-07-22T14:00:00+00:00","short","short","1","16","7","-1","-0,000286","-0,001762","-0,00107694","0","1","0,00328413","-1,787493","0,00076728","-0,00082967","0,00226717","0,00036723","3","2,63868","0,00202741","False","107,033","107,25","89,9064","0,1823","worthwhile","0,82","1,17","0,0147","1,6129","-0,1429","22","gann_state_exit"
"tr_0302d8d766fd","2","2020-07-23T21:00:00+00:00","2020-07-28T08:00:00+00:00","short","short","3","21","7","-1","-0,016","-0,016762","-0,00306485","4","5","0,00456852","-0,869055","0,00072174","-0,00292166","0,00402554","0,00048146","1","2,5","0,00180553","False","106,749","106,9417","89,8931","0,1623","worthwhile","54,58","54,93","0,9813","8,4674","-0,7886","59","gann_state_exit"
"tr_96ad0bac01e1","2","2020-07-28T14:00:00+00:00","2020-07-29T17:00:00+00:00","short","short","1","14","7","-1","-0,009143","-0,000857","-0,00225572","1","2","0,00698576","-0,753328","0,00122381","0,00070382","0,00541753","0,00081496","2","2,5","0,00306241","False","105,115","105,4369","71,2157","0,2181","worthwhile","3,49","3,77","0,0622","0,9723","-0,7984","27","gann_state_exit"
"tr_725aedc975d6","2","2020-07-29T21:00:00+00:00","2020-07-29T22:00:00+00:00","short","short","2","21","7","-1","-0,004095","-0,006476","-0,00136345","0","1","0,00794657","-1,158889","0,00122506","-0,00100898","0,00421149","0,00066323","2","2,5","0,00306707","False","104,8","105,1214","71,1715","0,2183","bad","-12,59","-12,31","-0,224","0,0","-1,1076","1","stop"
"tr_092656c753b3","2","2020-07-30T08:00:00+00:00","2020-07-30T20:00:00+00:00","long","long","3","8","7","1","0,00519","0,01019","0,00161832","3","4","0,00447168","-0,99931","0,00131387","0,00183962","0,00401499","0,00062734","3","2,5","0,0032803","False","105,246","104,9008","71,3313","0,234","bad","-11,52","-11,24","-0,2055","0,1419","-0,9819","12","gann_state_exit"
"tr_ab7a1dc642c0","2","2020-07-30T22:00:00+00:00","2020-07-31T15:00:00+00:00","short","short","3","22","7","-1","-0,00281","-0,002238","-0,00284545","2","3","0,00497","-0,416516","0,00125965","-0,00129567","0,00469336","0,0007565","2","2,5","0,00315083","False","104,772","105,1021","71,4781","0,2252","worthwhile","-12,92","-12,64","-0,2309","1,766","-1,2904","17","stop"
"tr_5e8e440b6d13","2","2020-07-31T16:00:00+00:00","2020-08-04T13:00:00+00:00","long","long","4","16","7","1","0,002762","-0,008143","0,0056864","1","2","0,01051951","-0,905272","0,00164953","0,00176269","0,00959691","0,00119053","1","2,600494","0,00428312","False","105,297","104,846","53,7326","0,2301","worthwhile","19,01","19,22","0,3405","2,6098","0,0","45","gann_state_exit"
"tr_27ca7cfb53b2","2","2020-08-05T03:00:00+00:00","2020-08-06T14:00:00+00:00","short","short","2","3","8","-1","-0,019333","-0,02119","-0,00330531","9","10","0,00750727","-0,373367","0,00124242","-0,00456109","0,00549081","0,00079314","3","2,5","0,00310755","False","105,58","105,9081","71,4004","0,2219","worthwhile","0,93","1,21","0,0166","0,7864","-0,8961","35","gann_state_exit"
"tr_8d8132200305","2","2020-08-06T16:00:00+00:00","2020-08-06T17:00:00+00:00","short","short","3","16","8","-1","0,000476","0,0","-0,00041048","1","2","0,00522891","-2,181934","0,00106364","0,00023687","0,00291758","0,00065542","2","2,5","0,00266535","False","105,32","105,6007","89,2357","0,2378","bad","-13,74","-13,39","-0,2451","0,0","-1,0046","1","stop"
"tr_8cd266c6e182","2","2020-08-07T13:00:00+00:00","2020-08-10T19:00:00+00:00","long","long","4","13","8","1","0,004857","0,008048","0,00149103","6","7","0,00375776","-0,470769","0,00102542","0,00244805","0,00363471","0,00045468","1","2,5","0,00256226","False","105,701","105,4302","89,455","0,2292","worthwhile","6,88","7,23","0,123","1,8535","-0,5391","30","gann_state_exit"
"tr_39ecbbd14b02","2","2020-08-11T09:00:00+00:00","2020-08-13T06:00:00+00:00","long","long","1","9","8","1","0,005952","0,006571","0,00186578","11","12","0,00465502","-0,730043","0,00104552","0,00115094","0,00465502","0,00084857","2","2,5","0,00261175","False","106,205","105,9276","89,3451","0,2333","worthwhile","23,5","23,85","0,4199","2,9202","-0,995","45","gann_state_exit"
"tr_abdaf9fbf63a","2","2020-08-13T21:00:00+00:00","2020-08-14T11:00:00+00:00","long","long","3","21","8","1","0,00419","0,002143","0,002291","8","9","0,00419697","-0,278761","0,00110655","0,001048","0,00401002","0,00069472","2","2,5","0,00276547","False","107,017","106,721","88,9715","0,246","bad","-12,86","-12,51","-0,2288","0,0743","-0,9799","14","gann_state_exit"
"tr_1970151e5685","2","2020-08-14T15:00:00+00:00","2020-08-19T08:00:00+00:00","short","short","4","15","8","-1","-0,008238","-0,005381","-0,00227574","6","7","0,00453719","-1,309469","0,00077316","-0,00205811","0,00397473","0,00038618","1","2,5","0,0019349","False","106,564","106,7702","89,1755","0,1725","worthwhile","46,58","46,93","0,8308","7,0857","-0,4413","65","gann_state_exit"
"tr_53591f00b1a9","2","2020-08-19T18:00:00+00:00","2020-08-20T17:00:00+00:00","long","long","2","18","8","1","0,014571","0,002286","0,00270088","0","1","0,00593598","-0,392454","0,00127853","0,00209665","0,00593598","0,00092792","3","2,5","0,00319467","False","105,682","105,3444","70,7526","0,226","worthwhile","10,44","10,72","0,1847","1,5876","-0,1066","23","gann_state_exit"
"tr_e0f3c734f59b","2","2020-08-27T18:00:00+00:00","2020-08-28T08:00:00+00:00","long","long","3","18","8","1","0,020667","0,012238","0,00466925","4","5","0,00832386","-0,816706","0,00132289","0,00398042","0,00832386","0,00070242","1","2,5","0,00330359","False","106,558","106,206","70,6222","0,2333","worthwhile","-13,61","-13,33","-0,2404","1,105","-1,2925","14","stop"
"tr_9637873be289","2","2020-08-28T12:00:00+00:00","2020-08-31T10:00:00+00:00","short","short","4","12","8","-1","-0,001476","-0,007762","-0,00685625","3","4","0,01268645","-1,238412","0,00196034","-0,00215854","0,01268645","0,00141501","1","2,52983","0,0049715","False","105,602","106,127","35,3962","0,176","worthwhile","-1,24","-1,1","-0,0219","0,7619","-0,3886","22","gann_state_exit"
"tr_239c21d5a8cb","2","2020-09-01T17:00:00+00:00","2020-09-03T21:00:00+00:00","long","long","1","17","9","1","0,005333","-0,000857","0,00131413","2","3","0,00566669","-1,722096","0,00118461","0,00023617","0,00415557","0,0007483","2","2,54328","0,0030066","False","106,1","105,781","70,8079","0,2129","worthwhile","-2,69","-2,41","-0,0477","1,4169","-0,7774","52","gann_state_exit"
"tr_2e0de0447a9d","2","2020-09-08T13:00:00+00:00","2020-09-08T14:00:00+00:00","long","long","1","13","9","1","0,005476","0,004048","0,00096489","1","2","0,00236947","-0,648876","0,00047819","0,00123327","0,00154203","0,0002829","3","2,5","0,00119509","False","106,388","106,2609","88,552","0,1058","bad","-6,43","-6,08","-0,1138","0,0","-1,3843","1","stop"
"tr_1536ae9c0204","2","2020-09-08T16:00:00+00:00","2020-09-09T15:00:00+00:00","short","short","1","16","9","-1","-0,000571","-0,016905","-0,00301469","0","1","0,00453821","1,995413","0,00068561","-0,00290692","0,00453821","0,00065573","3","4,087156","0,00280223","True","105,987","106,284","88,653","0,2484","worthwhile","-9,67","-9,32","-0,1715","0,6566","-0,7104","23","gann_state_exit"
"tr_f84137e7c3d5","2","2020-09-15T14:00:00+00:00","2020-09-17T07:00:00+00:00","short","short","1","14","9","-1","-0,009857","-0,001429","-0,00117963","0","1","0,00576694","-0,683661","0,00073411","-0,00045433","0,00251889","0,00041402","2","2,5","0,00183624","False","105,547","105,7408","88,8052","0,1631","worthwhile","22,59","22,94","0,4012","3,8491","0,0","41","gann_state_exit"
"tr_dacdb9d8ba9e","2","2020-09-17T10:00:00+00:00","2020-09-18T08:00:00+00:00","short","short","3","10","9","-1","-0,008667","-0,016667","-0,00198505","0","1","0,00620857","-0,370709","0,00138922","-0,00170421","0,00411998","0,00073278","2","2,5","0,00347491","False","104,799","105,1632","70,7603","0,2459","worthwhile","-0,85","-0,57","-0,0151","0,7551","-0,2005","22","gann_state_exit"
"tr_b450f4aff176","2","2020-09-18T11:00:00+00:00","2020-09-21T16:00:00+00:00","short","short","4","11","9","-1","-0,005429","-0,006524","-0,00202312","0","1","0,00621552","-0,469422","0,00107963","0,0003635","0,00332769","0,00061228","2","2,5","0,0027005","False","104,522","104,8043","88,4636","0,2389","worthwhile","-13,91","-13,56","-0,2461","1,8423","-1,286","29","stop"
"tr_a627660c1155","2","2020-09-22T17:00:00+00:00","2020-09-25T11:00:00+00:00","long","long","1","17","9","1","0,004381","-0,006667","0,00205099","0","1","0,0084271","-0,928571","0,0010689","-6,68E-05","0,00419923","0,00077715","2","3,107143","0,00331786","False","104,887","104,539","70,9455","0,2354","worthwhile","18,58","18,86","0,3296","1,8879","-0,1466","66","gann_state_exit"
"tr_2e46e0bad05b","2","2020-09-25T16:00:00+00:00","2020-09-28T03:00:00+00:00","long","long","4","16","9","1","0,000381","0,002571","0,00107019","1","2","0,00319431","-0,588535","0,00070864","0,0003698","0,00287204","0,00047176","2","2,5","0,00177084","False","105,546","105,3591","88,3906","0,1565","worthwhile","-9,31","-8,96","-0,1647","0,8293","-1,0005","11","stop"
"tr_776f4a59ff80","2","2020-09-29T09:00:00+00:00","2020-09-30T08:00:00+00:00","long","long","1","9","9","1","0,006714","0,011","0,00132156","3","4","0,00403505","-1,255198","0,00086781","0,00221184","0,00357092","0,00057635","3","2,5","0,00216712","False","105,692","105,463","88,5363","0,1919","worthwhile","-9,59","-9,24","-0,1698","0,489","-0,8383","23","gann_state_exit"
"tr_d43a510e45b1","2","2020-09-30T18:00:00+00:00","2020-10-01T14:00:00+00:00","short","short","2","18","9","-1","0,002714","-0,005476","-0,00157489","0","1","0,00350628","-0,968576","0,00089033","-0,00146669","0,00350628","0,00064878","3","3,246325","0,00289286","False","105,432","105,737","70,9495","0,2052","bad","-6,76","-6,48","-0,1199","0,0951","-0,6689","19","gann_state_exit"
"tr_2dbe3b7b216c","2","2020-10-02T09:00:00+00:00","2020-10-05T00:00:00+00:00","short","short","4","9","10","-1","-0,002333","-0,027143","-0,00490617","0","1","0,00747888","2,973708","0,00098232","-0,00423524","0,00747888","0,00113845","3","4,465406","0,00438655","True","105,094","105,555","53,276","0,2337","bad","-13,37","-13,16","-0,2374","0,128","-1,0108","15","stop"
"tr_3dbe19b5fe92","2","2020-10-07T10:00:00+00:00","2020-10-09T05:00:00+00:00","long","long","2","10","10","1","0,008333","0,009476","0,001157","3","4","0,00296974","-0,747433","0,00065799","0,00073825","0,00286571","0,00031569","1","2,5","0,00164414","False","105,787","105,6131","89,0047","0,1463","worthwhile","2,39","2,74","0,0425","1,8513","0,0","43","reverse"
"tr_07939003dce2","2","2020-10-14T15:00:00+00:00","2020-10-15T10:00:00+00:00","short","short","2","15","10","-1","-0,00881","-0,009","-0,00144344","11","12","0,00306635","-1,336236","0,00067493","-0,00199909","0,00260118","0,00047504","1","2,64434","0,00178639","False","105,24","105,428","88,9669","0,1589","worthwhile","-2,53","-2,18","-0,0451","1,0851","-0,4362","19","gann_state_exit"
"tr_80fba88c3e89","2","2020-10-19T03:00:00+00:00","2020-10-19T12:00:00+00:00","long","long","0","3","10","1","0,007857","0,007476","0,00129943","9","10","0,00285495","-0,808194","0,00072763","0,00179586","0,00264628","0,00040506","1","2,5","0,00181796","False","105,495","105,3032","89,0069","0,1618","bad","-7,71","-7,36","-0,1372","0,0","-0,8291","9","gann_state_exit"
"tr_e6700761b3a1","2","2020-10-20T03:00:00+00:00","2020-10-20T23:00:00+00:00","long","long","1","3","10","1","0,001762","0,004095","0,00079425","9","10","0,00216196","-0,702662","0,00059377","0,00025609","0,00180163","0,000326","2","2,5","0,00148378","False","105,506","105,3495","89,1293","0,1322","worthwhile","-1,35","-1,0","-0,024","1,5459","-0,5366","20","gann_state_exit"
"tr_f251bce1c4c1","2","2020-10-21T07:00:00+00:00","2020-10-22T14:00:00+00:00","short","short","2","7","10","-1","-0,007857","-0,009","-0,00216111","10","11","0,00411108","-0,291667","0,00071615","-0,00211278","0,00411108","0,00046442","1","2,5","0,00179078","False","105,301","105,4896","89,1507","0,1596","worthwhile","27,2","27,55","0,485","5,0856","-0,1538","31","gann_state_exit"
"tr_222a42014f20","2","2020-10-26T07:00:00+00:00","2020-10-27T05:00:00+00:00","long","long","0","7","10","1","0,005381","0,005619","0,00174135","2","3","0,00371882","-0,747976","0,00084139","0,00178631","0,00325158","0,00058835","3","2,5","0,00210211","False","104,94","104,7194","88,7204","0,1865","worthwhile","-8,75","-8,4","-0,1553","0,5213","-0,893","22","gann_state_exit"
"tr_e974b509d5ec","2","2020-10-27T12:00:00+00:00","2020-10-29T06:00:00+00:00","short","short","1","12","10","-1","-0,004","-0,006286","-0,00137044","9","10","0,00381942","-0,98808","0,00072478","-0,00268546","0,00370484","0,00045699","3","2,5","0,00181328","False","104,651","104,8408","88,8584","0,1611","worthwhile","8,79","9,14","0,1563","2,8299","-0,1897","42","gann_state_exit"
"tr_677318c39798","2","2020-10-29T12:00:00+00:00","2020-10-29T15:00:00+00:00","short","short","3","12","10","-1","0,000143","0,003762","-0,00162193","1","2","0,00424078","-1,259775","0,000853","-0,00154234","0,0029839","0,00041399","2","2,530798","0,00216113","False","104,112","104,337","88,7198","0,1917","worthwhile","-11,23","-10,88","-0,1992","0,3867","-1,2622","3","stop"
"tr_70ad10661619","2","2020-10-29T18:00:00+00:00","2020-10-30T08:00:00+00:00","long","long","3","18","10","1","0,007619","0,003667","0,00166626","0","1","0,00458575","-0,503356","0,00095098","0,00107339","0,00458575","0,00063538","3","2,5","0,00237626","False","104,506","104,2577","88,8969","0,2112","worthwhile","-12,36","-12,01","-0,2197","0,894","-1,5342","14","stop"
"tr_13cf07e82414","2","2020-10-30T18:00:00+00:00","2020-11-03T04:00:00+00:00","long","long","4","18","10","1","-0,000571","-0,010381","0,00205152","0","1","0,0067184","-0,79512","0,00108173","-0,00023886","0,00576272","0,00057273","2","2,6504","0,00286451","False","104,73","104,43","71,2742","0,2042","worthwhile","-0,01","0,27","-0,0002","0,7267","-0,9267","34","gann_state_exit"
"tr_06cca5bfe1b2","2","2020-11-04T05:00:00+00:00","2020-11-04T13:00:00+00:00","long","long","2","5","11","1","0,028524","-0,008286","0,00622002","0","1","0,00928725","1,969315","0,00157843","0,00545748","0,00928725","0,00140269","1","4,034987","0,00636834","True","105,208","104,538","35,6372","0,2269","bad","-11,48","-11,34","-0,2045","0,0","-0,9328","8","gann_state_exit"
"tr_b7de716d8e4d","2","2020-11-04T14:00:00+00:00","2020-11-09T09:00:00+00:00","short","short","2","14","11","-1","-0,002619","-0,005667","-0,00345267","1","2","0,00935161","-0,479328","0,00211673","-0,00082249","0,00935161","0,00161387","2","2,5","0,00529729","False","104,366","104,9189","35,7102","0,1892","worthwhile","16,13","16,27","0,2879","2,1506","-0,463","67","gann_state_exit"
"tr_cd869f32dd3b","2","2020-11-09T13:00:00+00:00","2020-11-11T06:00:00+00:00","long","long","0","13","11","1","0,012571","0,019429","0,00342032","6","7","0,00561343","-0,617441","0,00137465","0,00104275","0,0054591","0,00084748","1","2,5","0,00343365","False","103,77","103,4137","71,2153","0,2445","worthwhile","49,74","50,02","0,8855","5,2707","0,0","41","gann_state_exit"
"tr_79c2473fd900","2","2020-11-11T10:00:00+00:00","2020-11-12T06:00:00+00:00","long","long","2","10","11","1","-0,002286","-0,000952","0,00210748","0","1","0,00632785","-0,592771","0,00131237","0,00163444","0,00458224","0,00084914","2","2,5","0,00327832","False","105,491","105,1452","70,5902","0,2314","worthwhile","-8,14","-7,86","-0,1437","0,5407","-0,8212","20","gann_state_exit"
"tr_ff0b21ff7aea","2","2020-11-19T12:00:00+00:00","2020-11-19T17:00:00+00:00","long","long","3","12","11","1","-0,001143","4,8E-05","0,00267713","1","2","0,00502614","-1,340426","0,00107543","0,00086567","0,00408434","0,00074805","1","2,716596","0,00291724","False","104,208","103,904","70,6917","0,2062","bad","-12,06","-11,78","-0,2131","0,0","-1,2533","5","stop"
"tr_659823016cde","2","2020-11-23T17:00:00+00:00","2020-11-24T14:00:00+00:00","long","long","0","17","11","1","0,011571","-0,005238","0,00283534","0","1","0,0039887","2,172414","0,00069018","0,00211897","0,0039887","0,00074634","1","4,985411","0,00344052","True","104,054","103,696","70,8427","0,2437","worthwhile","14,01","14,29","0,2481","1,6592","0,0","21","gann_state_exit"
"tr_df19a7b7fdcc","2","2020-11-24T15:00:00+00:00","2020-11-25T01:00:00+00:00","long","long","1","15","11","1","0,004952","0,016667","0,00134295","0","1","0,00922206","-0,894273","0,00124091","0,00111094","0,00479279","0,00079442","2","2,5","0,00309876","False","104,65","104,3257","70,6674","0,219","worthwhile","-6,94","-6,66","-0,1226","0,3454","-0,6969","10","gann_state_exit"
"tr_6262715792a1","2","2020-11-30T11:00:00+00:00","2020-11-30T12:00:00+00:00","long","long","0","11","11","1","0,003381","-0,002667","0,00236096","0","1","0,00423164","-0,695085","0,00091112","0,00058567","0,00375186","0,00073835","1","2,685557","0,00244527","False","104,283","104,028","88,4427","0,2163","bad","-12,7","-12,35","-0,2247","0,0","-1,2863","1","stop"
"tr_72f0b171bacd","2","2020-12-01T16:00:00+00:00","2020-12-02T01:00:00+00:00","long","long","1","16","12","1","0,000238","0,004","0,00038019","3","4","0,00599996","-1,434365","0,00085531","0,00046027","0,00268369","0,00050969","2","2,5","0,00213562","False","104,464","104,2409","88,6418","0,1893","worthwhile","-7,68","-7,33","-0,1362","0,511","-0,7844","9","gann_state_exit"
"tr_e2fd818a8cec","2","2020-12-02T09:00:00+00:00","2020-12-03T02:00:00+00:00","long","long","2","9","12","1","0,00919","0,010381","0,00150393","5","6","0,00378991","-0,979782","0,00087912","0,00105386","0,00337838","0,00054469","2","2,5","0,00219586","False","104,58","104,3504","88,7626","0,1949","worthwhile","-6,76","-6,41","-0,1201","0,7403","-0,8448","17","gann_state_exit"
"tr_5c4b82db6fb0","2","2020-12-07T10:00:00+00:00","2020-12-07T16:00:00+00:00","long","long","0","10","12","1","0,004095","0,00681","0,00103439","0","1","0,00487838","-1,01933","0,00106457","0,00137513","0,00404291","0,00059561","2","2,5","0,0026585","False","104,248","103,9709","88,8693","0,2363","ambiguous","-10,64","-10,29","-0,189","0,2345","-0,801","6","gann_state_exit"
"tr_74f0ae06fa15","2","2020-12-09T17:00:00+00:00","2020-12-10T19:00:00+00:00","long","long","2","17","12","1","0,003857","0,001095","0,0010882","0","1","0,0027438","-0,291905","0,00055872","0,00068162","0,00189955","0,00031677","2","2,5","0,00139654","False","104,254","104,1084","89,0377","0,1243","worthwhile","2,0","2,35","0,0356","2,2391","-0,7624","26","gann_state_exit"
"tr_2f37a995c99e","2","2020-12-11T02:00:00+00:00","2020-12-14T20:00:00+00:00","short","short","4","2","12","-1","-0,009","-0,004857","-0,00228039","9","10","0,00426185","-1,345196","0,00089908","-0,00243216","0,0038971","0,0006036","1","2,5","0,00225048","False","104,052","104,2862","89,006","0,2003","worthwhile","1,14","1,49","0,0203","2,306","-0,4399","42","gann_state_exit"
"tr_9db9a87d178a","2","2020-12-15T05:00:00+00:00","2020-12-15T14:00:00+00:00","long","long","1","5","12","1","0,001524","0,000714","0,00202393","11","12","0,00593728","-0,605422","0,0010632","0,00101941","0,00593728","0,00103819","1","2,5","0,00265625","False","104,157","103,8803","88,9879","0,2364","bad","-11,17","-10,82","-0,1989","0,0","-0,8855","9","gann_state_exit"
"tr_6c8c92354041","2","2020-12-17T06:00:00+00:00","2020-12-18T05:00:00+00:00","short","short","3","6","12","-1","-0,011905","-0,008095","-0,00173297","6","7","0,00634761","-0,670468","0,00121229","-0,000986","0,00634761","0,00072613","2","2,5","0,00303326","False","103,26","103,5732","71,3321","0,2164","worthwhile","-5,0","-4,72","-0,0892","1,2324","-0,3704","23","gann_state_exit"
"tr_610c99394b47","2","2020-12-21T09:00:00+00:00","2020-12-21T21:00:00+00:00","long","long","0","9","12","1","-0,005048","-0,000857","0,00112435","1","2","0,00521151","-1,424157","0,00114737","-0,00021267","0,0035678","0,00058821","4","2,5","0,00286369","False","103,596","103,2993","71,3958","0,2045","worthwhile","-9,41","-9,13","-0,168","0,9978","-0,8697","12","gann_state_exit"
"tr_fd0aab056d94","2","2020-12-28T17:00:00+00:00","2020-12-29T13:00:00+00:00","long","long","0","17","12","1","-0,001619","-0,00281","0,00136243","3","4","0,00351128","-1,130343","0,00087047","0,00023157","0,00351128","0,00059585","2","2,5","0,00217399","False","103,77","103,5444","89,3949","0,1943","worthwhile","-5,9","-5,55","-0,1054","0,5718","-0,758","20","gann_state_exit"
"tr_629b0a08659e","2","2021-01-04T05:00:00+00:00","2021-01-04T17:00:00+00:00","short","short","0","5","1","-1","-0,006381","-0,005333","-0,00197908","2","3","0,00385504","-0,206171","0,00098908","-0,00191898","0,00338894","0,00070444","2","2,5","0,00247325","False","102,959","103,2136","89,4893","0,2213","worthwhile","-12,78","-12,43","-0,2288","0,9661","-1,1585","12","stop"
"tr_a86e60f99b0b","2","2021-01-05T18:00:00+00:00","2021-01-06T13:00:00+00:00","short","short","1","18","1","-1","-0,011048","-0,01681","-0,00246135","11","12","0,00526321","-0,8512","0,00086863","-0,00313252","0,00408604","0,00044607","1","2,632","0,00228797","False","102,711","102,946","89,6945","0,2052","worthwhile","-7,2","-6,85","-0,1292","0,5064","-0,7404","19","gann_state_exit"
"tr_164d4c727ff7","2","2021-01-06T15:00:00+00:00","2021-01-08T18:00:00+00:00","long","long","2","15","1","1","0,001571","-0,000286","0,00226277","4","5","0,00519776","-2,656566","0,00096183","0,00219076","0,00375987","0,00051148","1","4,30303","0,00412815","False","103,194","102,768","53,8863","0,2225","worthwhile","17,22","17,43","0,3093","2,1103","-0,5869","51","gann_state_exit"
"tr_dbf143d167d2","2","2021-01-19T04:00:00+00:00","2021-01-20T00:00:00+00:00","long","long","1","4","1","1","0,003429","-0,00119","0,00133501","0","1","0,00283144","-1,684864","0,00055446","0,0010026","0,00197431","0,00034625","1","3,942928","0,0021841","False","103,933","103,706","89,5335","0,1956","worthwhile","-2,03","-1,68","-0,0364","0,674","-0,4229","20","gann_state_exit"
"tr_e10ca42a3eec","2","2021-01-25T16:00:00+00:00","2021-01-26T00:00:00+00:00","long","long","0","16","1","1","-0,000619","-0,002286","0,00026477","2","3","0,0034209","-1,754958","0,00064793","-0,00037568","0,00210072","0,00033276","2","2,855524","0,00184804","False","103,894","103,702","89,5661","0,1655","ambiguous","-9,7","-9,35","-0,1738","0,2292","-1,0781","8","stop"
"tr_1686b75159b5","2","2021-01-26T04:00:00+00:00","2021-01-26T10:00:00+00:00","short","short","1","4","1","-1","0,000667","-0,001","-0,00099413","0","1","0,00254571","-0,413115","0,00070025","-0,00014462","0,00254571","0,00047422","2","2,5","0,00175117","False","103,672","103,8535","89,722","0,1571","bad","-7,62","-7,27","-0,1368","0,0","-0,8648","6","gann_state_exit"
"tr_a5394904b7fd","2","2021-01-26T16:00:00+00:00","2021-01-27T08:00:00+00:00","short","short","1","16","1","-1","-0,004524","-0,005857","-0,00119072","0","1","0,00300987","0,0","0,00055172","-0,00124292","0,00195834","0,00034928","3","2,5","0,00137932","True","103,657","103,8","89,8448","0,1239","worthwhile","-2,13","-1,78","-0,0383","0,7064","-0,6644","16","gann_state_exit"
"tr_5a197316d905","2","2021-01-27T13:00:00+00:00","2021-01-29T00:00:00+00:00","long","long","2","13","1","1","0,00281","0,005333","0,00091483","7","8","0,00263158","-1,506044","0,00056965","0,00143835","0,00237131","0,00034659","1","2,5","0,00142287","False","103,831","103,6833","89,8792","0,1279","worthwhile","17,74","18,09","0,3189","4,2846","-0,1557","35","gann_state_exit"
"tr_8ab9d69ca9ab","2","2021-01-29T03:00:00+00:00","2021-02-01T10:00:00+00:00","long","long","4","3","1","1","0,006238","-0,00119","0,00206094","0","1","0,00451848","-0,042381","0,00090351","0,00158205","0,00313038","0,00054769","2","2,5","0,00225857","True","104,47","104,234","89,5935","0,2024","worthwhile","12,73","13,08","0,2281","1,9962","-0,1356","31","gann_state_exit"
"tr_31a577c79f44","2","2021-02-01T12:00:00+00:00","2021-02-03T05:00:00+00:00","long","long","0","12","2","1","0,007429","0,009238","0,00192158","1","2","0,00622652","-0,709173","0,00090085","0,00189155","0,00279383","0,00052883","2","2,5","0,00225065","False","104,943","104,7068","89,3896","0,2012","worthwhile","0,94","1,29","0,0167","0,978","-0,4869","41","gann_state_exit"
"tr_d0a9a5907c5e","2","2021-02-04T07:00:00+00:00","2021-02-05T20:00:00+00:00","long","long","3","7","2","1","0,002","0,003429","0,00105311","3","4","0,00205458","-0,507077","0,00054399","0,00082822","0,00158849","0,00028615","3","2,5","0,00135958","False","105,162","105,019","89,3746","0,1215","worthwhile","8,34","8,69","0,149","4,2385","-0,1329","37","gann_state_exit"
"tr_ed26f2a59690","2","2021-02-08T17:00:00+00:00","2021-02-10T14:00:00+00:00","short","short","0","17","2","-1","0,001714","-0,001476","-0,00150356","0","1","0,00441306","-0,745963","0,00083968","-0,00019926","0,00350198","0,00058144","2","2,5","0,00210055","False","105,301","105,5222","89,2416","0,1875","worthwhile","24,27","24,62","0,4332","4,0327","0,0","45","gann_state_exit"
"tr_0e6c7ae7747f","2","2021-02-16T15:00:00+00:00","2021-02-17T19:00:00+00:00","long","long","1","15","2","1","0,007619","-0,000238","0,00162386","0","1","0,00590303","-0,935989","0,00095158","0,00180353","0,00428278","0,00067154","2","2,877667","0,00273584","False","105,635","105,346","88,8567","0,2431","worthwhile","8,96","9,31","0,1592","2,0484","0,0","28","gann_state_exit"
"tr_91f1c4f6f2c9","2","2021-02-22T16:00:00+00:00","2021-02-23T13:00:00+00:00","short","short","0","16","2","-1","-0,00381","-0,009857","-0,00275268","0","1","0,00572367","-0,885975","0,00118921","-0,00078721","0,00505923","0,00079601","2","2,5","0,00297622","False","105,239","105,5522","70,9723","0,2112","worthwhile","-1,53","-1,25","-0,0272","1,0121","-0,249","21","gann_state_exit"
"tr_85bb529f58bd","2","2021-02-26T12:00:00+00:00","2021-03-02T19:00:00+00:00","long","long","4","12","2","1","0,016333","-0,000476","0,00377783","0","1","0,00632947","0,291233","0,00180574","0,00314643","0,00631069","0,00133164","2","2,5","0,00451392","True","106,496","106,0153","53,2437","0,2403","worthwhile","6,79","7,0","0,1205","0,9611","-0,6012","55","gann_state_exit"
"tr_2618fd07e1b8","2","2021-03-03T12:00:00+00:00","2021-03-09T12:00:00+00:00","long","long","2","12","3","1","-0,001571","0,000286","0,0012683","7","8","0,0026756","-0,792453","0,00077916","-0,00028993","0,00258205","0,00050227","2","2,5","0,00194666","False","106,96","106,7518","88,6327","0,1725","worthwhile","78,33","78,68","1,3885","10,9214","-0,7828","96","gann_state_exit"
"tr_1018a3c870cc","2","2021-03-10T16:00:00+00:00","2021-03-11T08:00:00+00:00","short","short","2","16","3","-1","-0,001286","-0,005524","-0,00246327","0","1","0,00750438","-0,410011","0,00123668","-0,00051601","0,00465567","0,00084502","2","2,72098","0,00336675","False","108,413","108,778","69,9351","0,2355","bad","-11,17","-10,89","-0,1953","0,1589","-0,874","16","gann_state_exit"
"tr_327c6d303f82","2","2021-03-12T08:00:00+00:00","2021-03-16T16:00:00+00:00","long","long","4","8","3","1","0,001667","0,014381","0,002302","5","6","0,00420245","-0,591045","0,00102686","0,00253524","0,00393578","0,00056195","3","2,5","0,00256554","False","108,814","108,5348","87,5899","0,2247","worthwhile","8,46","8,81","0,1481","1,9773","0,0","56","gann_state_exit"
"tr_1625a2d34ca7","2","2021-03-16T16:00:00+00:00","2021-03-17T03:00:00+00:00","short","short","1","16","3","-1","-0,005429","-0,006667","-0,00173382","2","3","0,00392632","-1,117277","0,0007636","-0,00132841","0,00321077","0,00041668","1","2,5","0,00191066","False","108,913","109,1211","87,4603","0,1671","worthwhile","-9,98","-9,63","-0,1745","0,6151","-1,0716","11","stop"
"tr_5cb47a8891ad","2","2021-03-17T22:00:00+00:00","2021-03-18T10:00:00+00:00","short","short","2","22","3","-1","0,011714","-0,00881","-0,00307678","0","1","0,00508962","-0,761658","0,00092877","-0,00134867","0,004961","0,00090572","2","4,738106","0,00440379","False","108,77","109,249","52,5679","0,2315","worthwhile","-13,42","-13,21","-0,2351","0,3027","-1,1148","12","stop"
"tr_996c01a51fee","2","2021-03-19T11:00:00+00:00","2021-03-19T14:00:00+00:00","short","short","4","11","3","-1","-0,012667","-0,012857","-0,00258868","4","5","0,00624356","-1,102066","0,00105964","-0,00286071","0,00468037","0,00066553","3","2,5","0,00265225","False","108,623","108,9111","87,8198","0,2329","bad","-13,67","-13,32","-0,2401","0,0","-1,0587","3","stop"
"tr_2d8e1ba8723a","2","2021-03-23T13:00:00+00:00","2021-03-24T16:00:00+00:00","short","short","1","13","3","-1","-0,00319","-0,002476","-0,00129015","6","7","0,00311056","-1,235294","0,00070029","-0,00096537","0,00216267","0,00044295","2","2,996245","0,00210011","False","108,566","108,794","88,0311","0,1849","worthwhile","-6,56","-6,21","-0,1155","0,5044","-0,8421","27","gann_state_exit"
"tr_eae1eaef127d","2","2021-03-24T16:00:00+00:00","2021-03-29T08:00:00+00:00","long","long","2","16","3","1","0,00019","0,002095","0,00120043","2","3","0,00368936","-1,884615","0,0008885","4,6E-05","0,00282452","0,00060922","1","2,5","0,00221748","False","108,875","108,6336","88,1329","0,1954","worthwhile","30,28","30,63","0,5337","4,026","-0,874","64","gann_state_exit"
"tr_694062e33925","2","2021-03-29T21:00:00+00:00","2021-03-31T20:00:00+00:00","long","long","0","21","3","1","0,005333","0,00519","0,00190991","5","6","0,00475397","-0,445516","0,00089945","0,00088418","0,00397075","0,00058311","2","2,5","0,00224767","False","109,849","109,6021","87,665","0,197","worthwhile","33,87","34,22","0,5939","4,5281","-0,4941","47","gann_state_exit"
"tr_ea289a7136c7","2","2021-04-05T16:00:00+00:00","2021-04-06T14:00:00+00:00","short","short","0","16","4","-1","-0,007619","-0,011714","-0,00165516","2","3","0,00340342","-1,346323","0,00068577","-0,00196938","0,00300515","0,00036571","3","2,5","0,00171604","False","110,373","110,5624","87,1475","0,1495","worthwhile","-7,77","-7,42","-0,1354","2,17","-0,9503","22","gann_state_exit"
"tr_c8ff62e9d575","2","2021-04-06T16:00:00+00:00","2021-04-08T04:00:00+00:00","short","short","1","16","4","-1","0,008381","-0,008762","-0,00379245","0","1","0,0074064","0,448483","0,00115641","-0,00172578","0,00617806","0,00113971","4","3,477707","0,00402173","True","109,903","110,345","52,3594","0,2106","worthwhile","2,96","3,17","0,0517","0,733","-0,0882","36","gann_state_exit"
"tr_43bf0ef9167d","2","2021-04-08T10:00:00+00:00","2021-04-09T10:00:00+00:00","short","short","3","10","4","-1","-0,007381","-0,008524","-0,00114866","4","5","0,00330924","-1,183391","0,00087821","-0,00051026","0,00309044","0,00057957","4","2,5","0,00219785","False","109,577","109,8178","87,2206","0,1917","worthwhile","5,41","5,76","0,0943","2,3958","0,0","24","gann_state_exit"
"tr_c6fe58be0776","2","2021-04-09T15:00:00+00:00","2021-04-09T17:00:00+00:00","long","long","4","15","4","1","0,021381","0,024762","0,00360107","7","8","0,00697255","-1,937193","0,00088453","0,00415515","0,0051132","0,00048289","1","3,328263","0,00293888","False","109,906","109,583","69,7107","0,2049","bad","-12,14","-11,86","-0,2116","0,1548","-1,0867","2","stop"
"tr_cb1c311e7b1c","2","2021-04-13T12:00:00+00:00","2021-04-13T15:00:00+00:00","short","short","1","12","4","-1","9,5E-05","0,001857","-0,00180414","1","2","0,00479305","-0,799239","0,00091558","-4,573E-05","0,0044729","0,00087567","2","2,5","0,00229066","False","109,243","109,4932","87,3231","0,2","worthwhile","-11,87","-11,52","-0,2073","0,4596","-1,4266","3","stop"
"tr_6b13c203454f","2","2021-04-15T11:00:00+00:00","2021-04-16T07:00:00+00:00","short","short","3","11","4","-1","-0,004952","-0,005667","-0,00131935","8","9","0,00316118","-0,863528","0,00073428","-0,00121154","0,00281198","0,00043398","2","2,5","0,00183691","False","108,749","108,9488","87,5045","0,1607","worthwhile","-5,08","-4,73","-0,0889","0,6958","-0,9561","20","gann_state_exit"
"tr_947916bf2e57","2","2021-04-19T04:00:00+00:00","2021-04-20T11:00:00+00:00","short","short","0","4","4","-1","-0,006714","-0,009476","-0,00136332","3","4","0,00327513","-0,978814","0,00082711","-0,00100177","0,00311873","0,00038479","1","2,5","0,00206948","False","108,608","108,8328","87,5824","0,1812","worthwhile","8,69","9,04","0,1522","2,8208","-0,347","31","gann_state_exit"
"tr_6e13ccab22a8","2","2021-04-21T03:00:00+00:00","2021-04-21T10:00:00+00:00","short","short","2","3","4","-1","-0,006333","-0,004381","-0,00145324","9","10","0,00532677","-1,382609","0,00106351","0,00012024","0,00484588","0,00073722","2","2,5","0,00266273","False","107,972","108,2595","87,4493","0,2329","worthwhile","-13,72","-13,37","-0,24","0,313","-1,0783","7","stop"
"tr_73e4e19ba037","2","2021-04-22T09:00:00+00:00","2021-04-22T11:00:00+00:00","short","short","3","9","4","-1","-0,01081","-0,009048","-0,00069776","5","6","0,00374885","-1,826087","0,00079076","-0,00045336","0,00283247","0,0003632","1","2,5","0,0019798","False","107,875","108,0886","87,6596","0,1735","worthwhile","-10,32","-9,97","-0,181","0,2763","-1,1097","2","stop"
"tr_5d461db93717","2","2021-04-23T04:00:00+00:00","2021-04-23T17:00:00+00:00","short","short","4","4","4","-1","-0,001619","-0,006","-0,00187508","4","5","0,00387464","-0,552408","0,00109071","-0,0008243","0,00387464","0,00074846","2","2,5","0,00272846","False","107,814","108,1082","87,8185","0,2396","worthwhile","-14,05","-13,7","-0,2467","1,1422","-1,132","13","stop"
"tr_ad2f2e93787a","2","2021-04-26T15:00:00+00:00","2021-04-29T00:00:00+00:00","long","long","0","15","4","1","-0,005095","-0,001286","0,00205931","0","1","0,00619381","-1,418073","0,00088792","0,00057435","0,00414773","0,00065998","2","3,962264","0,00351367","False","108,149","107,769","70,4286","0,2475","worthwhile","15,89","16,17","0,2798","2,4447","-0,6579","57","gann_state_exit"
"tr_ae5e6321f839","2","2021-04-29T16:00:00+00:00","2021-04-30T05:00:00+00:00","long","long","3","16","4","1","0,006667","0,003476","0,00230247","6","7","0,00590396","-1,349656","0,00114293","0,00055122","0,00579377","0,00075375","2","2,5","0,00285286","False","109,08","108,7688","70,2321","0,2004","worthwhile","-10,5","-10,22","-0,1844","0,4499","-0,9833","13","gann_state_exit"
"tr_9a2d33f151b9","2","2021-04-30T17:00:00+00:00","2021-05-03T18:00:00+00:00","long","long","4","17","4","1","0,004333","0,003286","0,00163425","1","2","0,00610058","-2,135426","0,00093223","0,00097337","0,00316496","0,00043339","2","3,473758","0,00323186","False","109,225","108,872","70,3618","0,2274","worthwhile","-11,04","-10,76","-0,1942","1,3399","-0,9348","25","gann_state_exit"
"tr_d809f980ec7f","2","2021-05-05T09:00:00+00:00","2021-05-05T16:00:00+00:00","long","long","2","9","5","1","-0,001667","-0,000762","0,00120602","0","1","0,00436126","-1,050453","0,00100966","-0,00041127","0,00399554","0,00067231","4","2,5","0,00252143","False","109,49","109,2139","88,1234","0,2222","bad","-13,08","-12,73","-0,2305","0,0","-1,2533","7","stop"
"tr_55adc3962bd1","2","2021-05-06T12:00:00+00:00","2021-05-06T16:00:00+00:00","short","short","3","12","5","-1","0,000429","-0,003571","-0,0009356","0","1","0,00307622","-0,844588","0,00087805","-0,00089643","0,00260929","0,00047447","3","2,5","0,00219679","False","109,142","109,3818","88,3271","0,194","worthwhile","-11,4","-11,05","-0,2014","0,3295","-1,0844","4","stop"
"tr_ad41aba8f881","2","2021-05-07T16:00:00+00:00","2021-05-10T09:00:00+00:00","short","short","4","16","5","-1","0,004619","-0,033714","-0,00527853","0","1","0,00998342","2,866184","0,00115035","-0,00481188","0,00876773","0,0013343","2","5,692337","0,00654829","True","108,578","109,289","35,4021","0,2318","bad","-4,84","-4,7","-0,0858","0,1617","-0,4754","17","gann_state_exit"
"tr_051c9ceef9b9","2","2021-05-11T15:00:00+00:00","2021-05-12T04:00:00+00:00","short","short","1","15","5","-1","-0,001762","-0,004","-0,0026569","1","2","0,00429121","-0,353986","0,00096252","-0,00102111","0,00360978","0,00062397","1","2,5","0,00240716","False","108,555","108,8163","88,5812","0,2132","worthwhile","-10,92","-10,57","-0,1935","0,7883","-0,9031","13","gann_state_exit"
"tr_c2480acb7fd1","2","2021-05-12T15:00:00+00:00","2021-05-13T19:00:00+00:00","long","long","2","15","5","1","0,004619","0,009476","0,00075531","11","12","0,0057837","-2,666107","0,00078289","0,00205471","0,00414697","0,00044427","1","3,770134","0,00294541","False","108,983","108,662","71,0023","0,2091","worthwhile","21,11","21,39","0,3748","2,4984","-0,2648","28","gann_state_exit"
"tr_93dba9e3a1f2","2","2021-05-14T10:00:00+00:00","2021-05-19T07:00:00+00:00","short","short","4","10","5","-1","-0,004524","-0,007905","-0,00174871","0","1","0,00402242","0,194444","0,00084627","-0,00239854","0,00317222","0,00047222","3","2,5","0,00211572","True","109,385","109,6164","88,4216","0,1871","worthwhile","20,07","20,42","0,355","2,3938","-0,5056","69","gann_state_exit"
"tr_da510085fed4","2","2021-05-19T14:00:00+00:00","2021-05-19T15:00:00+00:00","long","long","2","14","5","1","0,013429","0,01281","0,00298404","10","11","0,00383531","-0,403624","0,00079374","0,00326008","0,00383531","0,00062039","1","2,5","0,00198367","False","109,285","109,0682","88,1088","0,1748","bad","-10,38","-10,03","-0,1829","0,0","-1,2501","1","stop"
"tr_43f122fc9fa9","2","2021-05-19T17:00:00+00:00","2021-05-19T21:00:00+00:00","short","short","2","17","5","-1","0,000857","-0,00981","-0,00244244","0","1","0,00554376","0,58523","0,00094257","-0,00123043","0,00554376","0,0008294","2","2,575012","0,00242716","True","108,769","109,033","88,2703","0,2142","worthwhile","-12,55","-12,2","-0,2215","0,7462","-2,0038","4","stop"
"tr_a2d48ff8fda6","2","2021-05-25T15:00:00+00:00","2021-05-25T20:00:00+00:00","long","long","1","15","5","1","0,008048","0,007571","0,00127984","2","3","0,00388544","-1,478535","0,00076414","0,00052384","0,00375684","0,00043935","1","2,5","0,00190816","False","108,993","108,785","88,4663","0,1688","worthwhile","-10,0","-9,65","-0,177","0,3558","-1,0963","5","stop"
"tr_113cd69f0854","2","2021-05-26T18:00:00+00:00","2021-05-28T22:00:00+00:00","long","long","2","18","5","1","0,007143","0,004952","0,0023691","5","6","0,00465871","-0,332673","0,0006616","0,00308165","0,00328311","0,00034936","1","2,772277","0,0018337","False","109,069","108,869","88,6231","0,1625","worthwhile","33,21","33,56","0,5886","5,65","-0,16","52","gann_state_exit"
"tr_a97d3326f609","2","2021-06-02T08:00:00+00:00","2021-06-02T23:00:00+00:00","long","long","2","8","6","1","0,007619","0,008333","0,00185715","4","5","0,00344601","-0,193706","0,00080008","0,00104035","0,00336396","0,00051956","2","2,5","0,00199984","False","109,711","109,4916","88,1045","0,1762","worthwhile","-7,74","-7,39","-0,1365","0,7976","-0,8295","15","gann_state_exit"
"tr_e939327db7ed","2","2021-06-03T15:00:00+00:00","2021-06-04T14:00:00+00:00","long","long","3","15","6","1","0,005857","0,005524","0,00155093","7","8","0,00337899","-1,31068","0,0006254","0,00177004","0,00301468","0,00028943","3","2,5","0,0015622","False","109,888","109,7163","88,2248","0,1378","worthwhile","11,14","11,49","0,1965","2,5864","0,0","23","gann_state_exit"
"tr_900b58af44cb","2","2021-06-04T16:00:00+00:00","2021-06-08T07:00:00+00:00","short","short","4","16","6","-1","-0,008619","-0,020095","-0,00455413","4","5","0,00643227","-2,537305","0,0007792","-0,00468824","0,00551208","0,00077151","1","6,933742","0,00541355","False","109,54","110,133","35,2207","0,1907","worthwhile","1,87","2,01","0,0329","0,5868","-0,1653","39","gann_state_exit"
"tr_45cc4f318947","2","2021-06-09T18:00:00+00:00","2021-06-10T12:00:00+00:00","long","long","2","18","6","1","0,006381","-0,009286","0,00172233","0","1","0,00384135","0,446809","0,000776","0,00093155","0,00384135","0,00072904","2","3,868421","0,00300161","True","109,608","109,279","70,4182","0,2114","ambiguous","-4,81","-4,53","-0,0847","0,2188","-0,4772","18","gann_state_exit"
"tr_3231bbb908c5","2","2021-06-10T16:00:00+00:00","2021-06-10T17:00:00+00:00","long","long","3","16","6","1","0,006714","-0,002","0,00101536","0","1","0,00492481","-0,411765","0,00068661","-9,12E-06","0,00288192","0,00046127","2","2,5","0,001716","False","109,682","109,4938","88,0973","0,1512","bad","-9,04","-8,69","-0,1592","0,0","-1,3814","1","stop"
"tr_be9ef9642616","2","2021-06-11T17:00:00+00:00","2021-06-14T14:00:00+00:00","long","long","4","17","6","1","0,011476","0,008714","0,00293737","5","6","0,00448418","-0,93957","0,00074693","0,00262263","0,00396467","0,0004808","1","2,5","0,00186598","False","109,798","109,5931","88,2379","0,1647","bad","-6,14","-5,79","-0,1084","0,1708","-0,9518","21","gann_state_exit"
"tr_85706c79736a","2","2021-06-14T16:00:00+00:00","2021-06-16T01:00:00+00:00","long","long","0","16","6","1","-0,002095","-4,8E-05","0,00069549","1","2","0,00477427","-1,228648","0,00064516","0,00061082","0,00206824","0,00040763","2","2,5","0,00161159","False","109,844","109,667","88,3336","0,1424","worthwhile","8,06","8,41","0,1423","1,8303","0,0","33","gann_state_exit"
"tr_4ffb26614cc2","2","2021-06-16T10:00:00+00:00","2021-06-16T21:00:00+00:00","short","short","2","10","6","-1","-0,001714","-0,003762","-0,0006192","0","1","0,00164471","-0,98","0,00058415","-0,00020895","0,0013721","0,0002827","3","2,5","0,00146124","False","109,985","110,1457","88,208","0,1289","worthwhile","-7,74","-7,39","-0,1365","1,12","-3,2418","11","stop"
"tr_2665535417e0","2","2021-06-16T22:00:00+00:00","2021-06-17T19:00:00+00:00","long","long","2","22","6","1","0,019905","-0,004619","0,00495211","0","1","0,00634355","3,570423","0,00085667","0,00412532","0,00634355","0,0013467","3","6,285211","0,00538379","True","110,517","109,922","35,3314","0,1902","worthwhile","-4,51","-4,37","-0,0797","0,5143","-0,5563","21","gann_state_exit"
"tr_4202749d4164","2","2021-06-21T06:00:00+00:00","2021-06-21T16:00:00+00:00","short","short","0","6","6","-1","-0,005","-0,00181","-0,00181283","0","1","0,00496201","-0,708543","0,00120567","-0,0002544","0,00496201","0,00077438","2","2,5","0,0030168","False","109,94","110,2717","70,7192","0,2133","worthwhile","-12,38","-12,1","-0,2189","0,609","-1,191","10","stop"
"tr_01707c72bc21","2","2021-06-24T03:00:00+00:00","2021-06-24T08:00:00+00:00","long","long","3","3","6","1","0,009333","0,00981","0,00158324","8","9","0,00467509","-0,86144","0,00094111","0,0022842","0,00399049","0,00060765","2","2,5","0,00235082","False","111,106","110,8448","88,5929","0,2083","bad","-12,22","-11,87","-0,2166","0,0","-1,1409","5","stop"
"tr_caada8e40712","2","2021-06-25T12:00:00+00:00","2021-06-25T20:00:00+00:00","short","short","4","12","6","-1","-0,003524","-0,00181","-0,00137057","2","3","0,0038382","-0,530585","0,0006468","-0,00018059","0,00266416","0,00038632","2","2,5","0,00161757","False","110,689","110,868","88,7852","0,1436","worthwhile","-8,51","-8,16","-0,1512","1,1561","-0,9941","8","stop"
"tr_33ec37dcb7ce","2","2021-06-28T15:00:00+00:00","2021-06-28T17:00:00+00:00","long","long","0","15","6","1","0,007667","0,009","0,00209475","0","1","0,00420066","0,012209","0,00073831","0,0013359","0,00298373","0,00056577","3","2,661628","0,00196494","True","110,945","110,727","88,9196","0,1747","bad","-10,28","-9,93","-0,1829","0,0","-1,4862","2","stop"
"tr_b7fe6d7a1f0f","2","2021-06-29T04:00:00+00:00","2021-06-29T10:00:00+00:00","short","short","1","4","6","-1","-0,003571","-0,005714","-0,00154106","10","11","0,00432462","-0,553542","0,00078453","-0,00110256","0,00432462","0,00066183","2","2,5","0,00196222","False","110,48","110,6968","89,0824","0,1748","bad","-10,23","-9,88","-0,1823","0,1015","-0,9871","6","stop"
"tr_f84b20e145a0","2","2021-06-29T18:00:00+00:00","2021-06-30T15:00:00+00:00","short","short","1","18","6","-1","0,003381","-0,00319","-0,0011912","0","1","0,00493244","-0,437056","0,00084901","-0,00038901","0,00296851","0,00051778","2","2,5","0,00212335","False","110,45","110,6845","89,2451","0,1895","bad","-11,03","-10,68","-0,197","0,1322","-0,9722","21","stop"
"tr_66b0fbe6acd4","2","2021-06-30T17:00:00+00:00","2021-07-02T14:00:00+00:00","long","long","2","17","6","1","0,008857","0,004857","0,00177172","1","2","0,00307189","-0,99878","0,00070559","0,00139332","0,00282795","0,00040952","1","2,5","0,0017627","False","110,761","110,5658","89,4211","0,1576","worthwhile","30,38","30,73","0,5434","4,5944","0,0","45","gann_state_exit"
"tr_d40cf51b64b6","2","2021-07-02T21:00:00+00:00","2021-07-07T12:00:00+00:00","short","short","4","21","7","-1","-0,015952","-0,023143","-0,00432093","9","10","0,00558342","-0,165049","0,00092757","-0,00431297","0,00558342","0,00063596","1","2,5","0,00231932","False","111,024","111,2815","88,9379","0,2063","worthwhile","11,57","11,92","0,2058","2,435","-0,6447","63","gann_state_exit"
"tr_0ab919769c6f","2","2021-07-08T08:00:00+00:00","2021-07-09T10:00:00+00:00","short","short","3","8","7","-1","-0,008286","-0,003952","-0,00144842","4","5","0,00379984","-1,266997","0,00095685","-0,00197743","0,00355556","0,00046932","1","2,5","0,00239508","False","110,395","110,6594","88,7552","0,2126","worthwhile","12,96","13,31","0,23","3,2564","0,0","26","gann_state_exit"
"tr_ab5466322a4e","2","2021-07-12T16:00:00+00:00","2021-07-13T15:00:00+00:00","long","long","0","16","7","1","0,001429","-0,000714","0,00091299","1","2","0,00370209","-0,752303","0,00084429","7,26E-05","0,00271305","0,00044134","2","2,5","0,00210935","False","110,28","110,0474","88,5515","0,1868","worthwhile","-3,34","-2,99","-0,0592","0,7179","-0,3525","23","gann_state_exit"
"tr_13c9cc6b01ce","2","2021-07-13T16:00:00+00:00","2021-07-14T15:00:00+00:00","long","long","1","16","7","1","0,00719","-0,002952","0,00183001","0","1","0,00510352","0,800117","0,00073511","0,00120494","0,00312183","0,00068122","2","3,90211","0,00286823","True","110,521","110,204","70,8832","0,2033","worthwhile","-11,86","-11,58","-0,2101","0,5584","-1,2019","23","stop"
"tr_a27fd464e68b","2","2021-07-14T15:00:00+00:00","2021-07-15T16:00:00+00:00","short","short","2","15","7","-1","0,003238","0,007667","-0,00091694","0","1","0,00452653","-3,385846","0,00070053","0,00086078","0,00371175","0,0005077","1","4,122462","0,00289484","False","110,196","110,515","71,0324","0,2056","worthwhile","4,08","4,36","0,0725","1,511","0,0","25","gann_state_exit"
"tr_491e5db6144a","2","2021-07-16T10:00:00+00:00","2021-07-19T03:00:00+00:00","long","long","4","10","7","1","0,009952","0,010476","0,00095644","5","6","0,00341877","-1,04235","0,00095081","4,546E-05","0,0032642","0,00069349","2","2,5","0,00237464","False","110,092","109,8306","88,7263","0,2107","worthwhile","-10,22","-9,87","-0,1814","0,9525","-0,9295","17","gann_state_exit"
"tr_51d57d788320","2","2021-07-19T11:00:00+00:00","2021-07-20T13:00:00+00:00","short","short","0","11","7","-1","-0,009857","-0,014905","-0,00218969","10","11","0,00555333","-1,150267","0,00089434","-0,0032124","0,0050162","0,00065834","1","3,094523","0,00277046","False","109,729","110,033","88,8875","0,2463","worthwhile","12,62","12,97","0,2244","2,1809","-0,352","26","gann_state_exit"
"tr_677cc68e8e39","2","2021-07-23T10:00:00+00:00","2021-07-26T07:00:00+00:00","long","long","4","10","7","1","0,001476","0,002","0,00140923","4","5","0,00312803","-0,754081","0,00079356","-0,00022662","0,00298296","0,00056893","2","2,5","0,00198267","False","110,361","110,1422","88,6885","0,1758","worthwhile","-1,98","-1,63","-0,0351","1,0649","-0,2239","21","gann_state_exit"
"tr_9bdef2a83a0e","2","2021-07-27T10:00:00+00:00","2021-07-28T13:00:00+00:00","short","short","1","10","7","-1","-0,005476","-0,004381","-0,0015267","6","7","0,00422998","-0,629358","0,00070673","-0,00117865","0,00265055","0,00036089","2","2,5","0,00176763","False","110,115","110,3096","88,7197","0,1568","worthwhile","5,47","5,82","0,097","2,7281","-0,2928","27","gann_state_exit"
"tr_f0678f8a1646","2","2021-08-02T17:00:00+00:00","2021-08-04T13:00:00+00:00","short","short","0","17","8","-1","-0,011667","-0,013095","-0,00207877","5","6","0,00370864","-1,344944","0,00077427","-0,00296903","0,00370864","0,00045598","1","2,5","0,00193772","False","109,358","109,5699","88,6336","0,1717","worthwhile","7,94","8,29","0,1407","2,2699","-0,0802","44","gann_state_exit"
"tr_05790b63e0a4","2","2021-08-04T16:00:00+00:00","2021-08-04T17:00:00+00:00","short","short","2","16","8","-1","-0,002333","-0,008","-0,00311804","0","1","0,00474404","1,314762","0,00076222","-0,00270486","0,00437629","0,00066973","2","3,49799","0,00266627","True","108,766","109,056","88,509","0,236","bad","-13,74","-13,39","-0,2432","0,0","-2,9655","1","stop"
"tr_b837bb2df7fd","2","2021-08-04T18:00:00+00:00","2021-08-09T15:00:00+00:00","long","long","2","18","8","1","0,023048","-0,011","0,00517115","0","1","0,00826001","2,558376","0,00111307","0,00417935","0,00826001","0,00164258","3","6,092542","0,00678081","True","109,574","108,831","35,4899","0,2407","worthwhile","9,43","9,57","0,1674","1,0471","-0,2288","69","gann_state_exit"
"tr_66213a2c7de6","2","2021-08-09T23:00:00+00:00","2021-08-11T18:00:00+00:00","long","long","0","23","8","1","0,002095","0,003857","0,00146875","5","6","0,0052207","-0,283436","0,00070352","0,00059856","0,00278256","0,00042396","2","2,5","0,00175841","False","110,354","110,16","88,5766","0,1558","worthwhile","4,63","4,98","0,082","2,3036","-0,7679","43","gann_state_exit"
"tr_20ad40c57962","2","2021-08-13T10:00:00+00:00","2021-08-17T10:00:00+00:00","short","short","4","10","8","-1","-0,00119","-0,000476","-0,00063938","0","1","0,00209287","-0,922029","0,00056992","-0,00060665","0,00204757","0,00036169","4","2,5","0,00142557","False","110,315","110,4723","88,504","0,1262","worthwhile","46,08","46,43","0,8157","7,6369","-0,1145","48","gann_state_exit"
"tr_97a9f80e979d","2","2021-08-24T15:00:00+00:00","2021-08-25T03:00:00+00:00","short","short","1","15","8","-1","-0,008143","-0,003286","-0,0006559","2","3","0,00461254","-0,822709","0,00065372","-0,00074693","0,00218776","0,00041807","2","2,5","0,00163522","False","109,64","109,8193","87,788","0,1436","worthwhile","-8,6","-8,25","-0,1511","1,2606","-1,149","12","stop"
"tr_b116079320ee","2","2021-08-25T14:00:00+00:00","2021-08-27T07:00:00+00:00","long","long","2","14","8","1","0,004714","0,017381","0,00125737","10","11","0,00426117","-0,769701","0,00070976","0,00131285","0,00325961","0,000366","1","2,5","0,0017734","False","109,891","109,6961","87,9207","0,1559","worthwhile","3,47","3,82","0,061","1,7344","-0,1078","41","gann_state_exit"
"tr_b3b377565da2","2","2021-08-27T07:00:00+00:00","2021-08-27T12:00:00+00:00","short","short","4","7","8","-1","-0,007286","-0,000476","-0,00133967","2","3","0,00273694","-0,5059","0,0008807","-0,00168841","0,00264601","0,00039399","1","2,5","0,00220278","False","109,926","110,1681","87,8671","0,1936","bad","-9,34","-8,99","-0,1641","0,0083","-0,9416","5","gann_state_exit"
"tr_259dc4a6baf7","2","2021-08-27T16:00:00+00:00","2021-08-27T17:00:00+00:00","long","long","4","16","8","1","0,005143","0,004286","0,00063026","5","6","0,00310675","-1,835928","0,0007224","-0,00049937","0,00293415","0,0003871","2","2,552695","0,00184159","False","110,231","110,028","88,0116","0,1621","bad","-9,67","-9,32","-0,1701","0,1626","-1,8177","1","stop"
"tr_98443f8cfe7e","2","2021-08-27T18:00:00+00:00","2021-08-30T17:00:00+00:00","short","short","4","18","8","-1","0,005","-0,008143","-0,00110018","0","1","0,00368242","-0,967977","0,00089235","-0,00043624","0,00368242","0,00051832","3","3,861718","0,00344906","False","109,885","110,264","70,5293","0,2433","worthwhile","-2,72","-2,44","-0,0479","0,4802","-0,2058","23","gann_state_exit"
"tr_1bc0d08ddc77","2","2021-08-31T15:00:00+00:00","2021-08-31T18:00:00+00:00","short","short","1","15","8","-1","-0,000381","-9,5E-05","-0,00063027","0","1","0,00229395","-2,228391","0,00061684","-0,00046404","0,0018388","0,00046338","3","3,586086","0,00221511","False","109,701","109,944","88,204","0,1954","worthwhile","-11,49","-11,14","-0,2027","0,4733","-1,5556","3","stop"
"tr_811fd4beab1c","2","2021-09-03T15:00:00+00:00","2021-09-06T12:00:00+00:00","short","short","4","15","9","-1","-0,006762","-0,003","-0,00046212","2","3","0,00271035","-2,356988","0,00059811","-0,00059083","0,00252845","0,00041958","2","2,5","0,00149742","False","109,792","109,9564","88,3831","0,1323","worthwhile","-5,31","-4,96","-0,0938","1,2165","-0,9367","21","gann_state_exit"
"tr_f07870760737","2","2021-09-07T10:00:00+00:00","2021-09-08T14:00:00+00:00","long","long","1","10","9","1","0,000857","-0,002143","0,00104188","0","1","0,00290211","-0,487936","0,00048477","0,0004824","0,00238355","0,00028478","2","2,5","0,00121161","False","109,948","109,8148","88,4661","0,1072","worthwhile","12,76","13,11","0,2257","3,7458","-0,3753","28","gann_state_exit"
"tr_f842cbbf0e12","2","2021-09-13T08:00:00+00:00","2021-09-13T20:00:00+00:00","long","long","0","8","9","1","-0,000476","0,000143","0,00098205","4","5","0,00307345","-0,204131","0,00071272","0,00072797","0,00180952","0,00043694","2","2,5","0,00178151","False","109,992","109,796","88,2669","0,1572","worthwhile","-0,08","0,27","-0,0014","0,8574","-0,4695","12","gann_state_exit"
"tr_f1517a3aca6b","2","2021-09-14T14:00:00+00:00","2021-09-14T15:00:00+00:00","long","long","1","14","9","1","0,003143","0,004952","0,00128371","9","10","0,00244246","-0,436409","0,00052014","0,00188305","0,0021973","0,0002813","1","2,5","0,00130003","False","110,162","110,0188","88,2681","0,1148","bad","-6,95","-6,6","-0,1227","0,0","-2,0668","1","stop"
"tr_2cf9d829b7d2","2","2021-09-14T16:00:00+00:00","2021-09-16T14:00:00+00:00","short","short","1","16","9","-1","0,008095","-0,002476","-0,00171357","0","1","0,00270297","0,179615","0,00060803","-0,0011","0,00270297","0,00054862","2","3,921597","0,00238448","True","109,877","110,139","88,3765","0,2107","worthwhile","22,69","23,04","0,4011","2,9198","0,0","46","gann_state_exit"
"tr_c1b08fd545a0","2","2021-09-16T16:00:00+00:00","2021-09-20T08:00:00+00:00","long","long","3","16","9","1","0,013857","0,003952","0,00341606","4","5","0,0053787","-0,632027","0,00076448","0,0027241","0,0044397","0,0007272","1","4,531516","0,00346251","False","109,747","109,367","70,4188","0,2438","worthwhile","5,8","6,08","0,1021","0,8789","-0,3658","40","gann_state_exit"
"tr_c43f52ff66b2","2","2021-09-20T11:00:00+00:00","2021-09-21T09:00:00+00:00","short","short","0","11","9","-1","-0,007143","-0,010095","-0,00199262","5","6","0,00376269","-1,196512","0,0007462","-0,00206384","0,00321605","0,00042098","1","2,5","0,00186721","False","109,662","109,8668","87,9337","0,1642","worthwhile","5,81","6,16","0,1022","1,6605","-0,254","22","gann_state_exit"
"tr_10a92091c8f0","2","2021-09-21T15:00:00+00:00","2021-09-22T08:00:00+00:00","short","short","1","15","9","-1","-0,006286","-0,006762","-0,00126667","0","1","0,00584106","-0,820566","0,00084662","-0,00069423","0,00351012","0,00051147","2","2,5","0,00211807","False","109,32","109,5515","87,844","0,1861","worthwhile","-9,85","-9,5","-0,173","0,8594","-0,8724","17","gann_state_exit"
"tr_729cfa028778","2","2021-09-27T11:00:00+00:00","2021-09-29T13:00:00+00:00","long","long","0","11","9","1","0,015476","0,011762","0,00139488","1","2","0,00500997","-0,301485","0,00086831","0,00220745","0,0035476","0,00054522","2","2,5","0,00217017","False","110,81","110,5695","87,9963","0,191","worthwhile","21,3","21,65","0,3749","3,6345","-0,1164","50","gann_state_exit"
"tr_3c309a1b6acc","2","2021-09-29T17:00:00+00:00","2021-09-30T18:00:00+00:00","long","long","2","17","9","1","0,00881","0,008524","0,00176095","1","2","0,00505372","-0,631522","0,00117766","0,00066352","0,00427416","0,00073102","2","2,5","0,00294192","False","111,686","111,3574","70,1341","0,2063","worthwhile","-4,19","-3,91","-0,0734","1,1991","-0,4322","25","gann_state_exit"
"tr_57ec8e3d62e4","2","2021-10-04T18:00:00+00:00","2021-10-05T06:00:00+00:00","short","short","0","18","10","-1","0,006667","-0,00781","-0,0021597","0","1","0,00431983","-0,046494","0,00116381","-0,0015218","0,00431983","0,00089034","2","2,5","0,00290973","False","110,876","111,1986","70,1857","0,2042","bad","-11,96","-11,68","-0,2098","0,1302","-0,9795","12","stop"
"tr_7e57d5b99435","2","2021-10-05T14:00:00+00:00","2021-10-06T16:00:00+00:00","long","long","1","14","10","1","9,5E-05","0,004286","0,00227758","9","10","0,00430643","-0,678319","0,00096754","0,00311136","0,00391085","0,00050009","1","2,5","0,00241723","False","111,304","111,035","87,9166","0,2125","worthwhile","1,49","1,84","0,0262","1,7989","-0,6393","26","gann_state_exit"
"tr_a904b5d96c42","2","2021-10-08T04:00:00+00:00","2021-10-08T15:00:00+00:00","long","long","4","4","10","1","0,013","0,011286","0,00232942","10","11","0,00473514","-0,7","0,00089511","0,00272856","0,00473514","0,00059603","5","2,5","0,00223634","False","111,79","111,54","87,8935","0,1966","worthwhile","-11,65","-11,3","-0,2047","0,832","-1,12","11","stop"
"tr_b6fb017a945a","2","2021-10-08T17:00:00+00:00","2021-10-13T07:00:00+00:00","long","long","4","17","10","1","0,015524","0,003286","0,00129034","0","1","0,00686591","-1,330189","0,00094764","0,00234778","0,00436271","0,00075581","2","4,235849","0,00400893","False","112,0","111,551","52,8443","0,2118","worthwhile","38,45","38,66","0,6772","3,9822","-0,0445","62","gann_state_exit"
"tr_85860788285d","2","2021-10-15T02:00:00+00:00","2021-10-19T06:00:00+00:00","long","long","4","2","10","1","0,010381","0,014095","0,00217088","10","11","0,0048358","-0,59204","0,00100987","0,00216761","0,00418517","0,00059139","2","2,5","0,00252311","False","113,805","113,5179","87,4814","0,2207","worthwhile","15,98","16,33","0,2797","2,2985","0,0","52","gann_state_exit"
"tr_9c5dd7994385","2","2021-10-19T09:00:00+00:00","2021-10-19T15:00:00+00:00","short","short","1","9","10","-1","-0,009667","-0,006762","-0,00168885","5","6","0,00384717","-1,185562","0,0009018","-0,00236927","0,00310227","0,00051985","1","2,5","0,00225696","False","113,986","114,2433","87,2375","0,1969","worthwhile","-11,7","-11,35","-0,2041","0,4159","-1,3527","6","stop"
"tr_54198b33d74f","2","2021-10-20T02:00:00+00:00","2021-10-20T15:00:00+00:00","long","long","2","2","10","1","0,008238","0,012905","0,00210189","10","11","0,00453723","-0,629428","0,00091669","0,00183048","0,00453723","0,00062405","1","2,5","0,00229036","False","114,455","114,1929","87,4159","0,2002","worthwhile","-11,92","-11,57","-0,2083","0,9346","-1,2054","13","stop"
"tr_f9397473a391","2","2021-10-22T17:00:00+00:00","2021-10-25T12:00:00+00:00","short","short","4","17","10","-1","0,000619","0,001619","-0,00226813","4","5","0,00494945","-0,764749","0,00114956","-0,00077303","0,00464176","0,00078057","2","2,5","0,00287647","False","113,648","113,9749","70,0788","0,2016","worthwhile","1,52","1,8","0,0266","0,7158","-0,6852","19","gann_state_exit"
"tr_8868a45c4d3f","2","2021-10-27T12:00:00+00:00","2021-10-29T05:00:00+00:00","short","short","2","12","10","-1","-0,011","-0,012619","-0,00395066","6","7","0,0058927","-0,627372","0,0010374","-0,00384619","0,0058927","0,00069382","1","2,5","0,00259523","False","113,624","113,9189","87,5752","0,2273","worthwhile","1,1","1,45","0,0193","1,2446","-0,841","41","gann_state_exit"
"tr_6da6d87aa139","2","2021-10-29T14:00:00+00:00","2021-11-01T23:00:00+00:00","long","long","4","14","10","1","0,001905","0,016","0,00209116","11","12","0,00489696","-1,155135","0,0009742","0,00307774","0,00463321","0,00041008","1","2,5","0,00243272","False","113,874","113,597","87,5583","0,213","worthwhile","5,96","6,31","0,1045","2,0504","-0,5451","33","gann_state_exit"
"tr_c37f93a39510","2","2021-11-03T17:00:00+00:00","2021-11-03T21:00:00+00:00","long","long","2","17","11","1","0,002524","0,004571","0,00092605","0","1","0,00480035","-0,712478","0,00072672","0,00072013","0,00252742","0,00045483","3","2,5","0,00181582","False","114,011","113,804","87,467","0,1588","worthwhile","-9,53","-9,18","-0,1668","1,0095","-1,1351","4","stop"
"tr_54917e832b45","2","2021-11-04T17:00:00+00:00","2021-11-05T15:00:00+00:00","short","short","3","17","11","-1","-0,007048","-0,011333","-0,00273462","3","4","0,00488516","-0,674845","0,00121083","-0,00129868","0,00455129","0,00068301","1","2,5","0,00302961","False","113,719","114,0635","70,0905","0,2123","worthwhile","-4,57","-4,29","-0,08","0,5341","-0,5776","22","gann_state_exit"
"tr_b3bff4e0126f","2","2021-11-05T17:00:00+00:00","2021-11-10T12:00:00+00:00","short","short","4","17","11","-1","0,007143","-0,005619","-0,00144779","0","1","0,0068551","-1,118193","0,0010388","-0,00036946","0,00466393","0,00078058","2","3,498588","0,00363864","False","113,504","113,917","52,61","0,1914","worthwhile","7,18","7,39","0,126","1,8838","-0,3923","67","gann_state_exit"
"tr_c0217eefc9f1","2","2021-11-10T14:00:00+00:00","2021-11-11T18:00:00+00:00","long","long","2","14","11","1","0,012","0,018952","0,00306083","4","5","0,00464549","-0,569803","0,00096098","0,00275424","0,00421274","0,0004583","1","2,5","0,00240109","False","113,292","113,02","87,573","0,2103","worthwhile","29,31","29,66","0,5133","3,1762","-0,3014","28","gann_state_exit"
"tr_6e182171e217","2","2021-11-12T02:00:00+00:00","2021-11-12T13:00:00+00:00","long","long","4","2","11","1","-0,003905","-0,000429","0,00077497","7","8","0,00710246","-1,18385","0,00082215","0,00038596","0,00286729","0,0004813","2","2,5","0,00205334","False","114,158","113,9236","87,1258","0,1789","worthwhile","-3,59","-3,24","-0,0626","0,6101","-0,8831","11","gann_state_exit"
"tr_5d2ffc8ac0bb","2","2021-11-12T17:00:00+00:00","2021-11-15T01:00:00+00:00","short","short","4","17","11","-1","-0,003857","-0,004286","-0,00130281","6","7","0,00433322","-2,166316","0,00079363","-0,00071","0,00352622","0,00059414","1","2,5","0,00198753","False","113,805","114,0312","87,1803","0,1733","bad","-10,36","-10,01","-0,1806","0,0","-1,0743","8","stop"
"tr_96cfc4d4f17e","2","2021-11-16T03:00:00+00:00","2021-11-17T17:00:00+00:00","long","long","1","3","11","1","0,015333","0,013667","0,00223024","10","11","0,00402844","-1,03864","0,00080944","0,00286311","0,00357305","0,00053993","1","2,5","0,00202187","False","114,286","114,0549","87,3381","0,1766","worthwhile","11,04","11,39","0,1929","2,9688","-0,7963","38","gann_state_exit"
"tr_f1c44ea88edc","2","2021-11-19T12:00:00+00:00","2021-11-22T06:00:00+00:00","short","short","4","12","11","-1","0,014286","-0,01119","-0,00309839","0","1","0,0058242","-1,040323","0,00108765","-0,00307803","0,00564878","0,00097978","1","5,370968","0,00584847","False","113,876","114,542","34,868","0,2039","worthwhile","-4,47","-4,33","-0,0779","0,4324","-0,506","18","gann_state_exit"
"tr_e48ba623210d","2","2021-11-23T22:00:00+00:00","2021-11-24T11:00:00+00:00","long","long","1","22","11","1","0,00881","0,008571","0,0019904","8","9","0,00943724","-0,45587","0,00144873","0,00249151","0,00573534","0,00102925","2","2,5","0,00361938","False","115,154","114,7372","52,3428","0,1894","ambiguous","-2,45","-2,24","-0,0428","0,2015","-0,787","13","gann_state_exit"
"tr_0c987b9dd9b4","2","2021-11-24T15:00:00+00:00","2021-11-25T17:00:00+00:00","long","long","2","15","11","1","0,003095","0,003524","0,00131909","0","1","0,00648003","-0,883968","0,00113005","0,00108698","0,00357878","0,00063336","2","2,5","0,00282227","False","115,24","114,9148","87,2753","0,2463","worthwhile","3,03","3,38","0,0529","0,864","-0,372","26","gann_state_exit"
"tr_51e7ff698d95","2","2021-11-30T08:00:00+00:00","2021-11-30T17:00:00+00:00","short","short","1","8","11","-1","-0,002571","-0,01119","-0,00574978","0","1","0,00852486","-0,492101","0,00159936","-0,00226755","0,0081446","0,00142797","2","3,289889","0,00526595","False","112,99","113,585","34,8917","0,1837","worthwhile","-10,65","-10,51","-0,1858","0,7697","-1,0286","9","stop"
"tr_4fc15d1b7293","2","2021-12-08T14:00:00+00:00","2021-12-09T09:00:00+00:00","long","long","2","14","12","1","0,001333","-0,014714","0,00206528","0","1","0,00429222","-0,577483","0,00129462","0,00029914","0,00429222","0,00090362","2","3,199935","0,00413953","False","113,781","113,31","52,4349","0,2171","worthwhile","-3,46","-3,25","-0,0604","0,3694","-0,4161","19","gann_state_exit"
"tr_6481bb068434","2","2021-12-09T15:00:00+00:00","2021-12-09T20:00:00+00:00","short","short","3","15","12","-1","-0,01781","-0,018667","-0,0023467","8","9","0,00568623","-1,106695","0,00097184","-0,00354021","0,00505148","0,00064401","1","2,5","0,00243227","False","113,308","113,5836","87,4444","0,2127","bad","-12,57","-12,22","-0,2198","0,0","-1,2482","5","stop"
"tr_4d36f6b2f13c","2","2021-12-10T18:00:00+00:00","2021-12-13T02:00:00+00:00","short","short","4","18","12","-1","-0,010143","-0,009429","-0,00137158","1","2","0,00456689","-1,404311","0,00095427","-0,00043182","0,00443465","0,00059394","2","2,5","0,00238892","False","113,271","113,5416","87,637","0,2094","bad","-12,35","-12,0","-0,2165","0,0443","-1,0126","8","stop"
"tr_8141dc052837","2","2021-12-16T17:00:00+00:00","2021-12-17T22:00:00+00:00","short","short","3","17","12","-1","0,010048","-0,007952","-0,00425737","0","1","0,00564773","-0,364162","0,00108707","-0,00191409","0,00541021","0,00098972","1","4,030058","0,00438276","False","113,627","114,125","52,6963","0,231","worthwhile","-2,37","-2,16","-0,0417","0,9739","-0,4618","29","gann_state_exit"
"tr_7a0dec8a1271","3","2021-12-21T08:00:00+00:00","2021-12-23T01:00:00+00:00","long","long","1","8","12","1","0,009476","0,012619","0,00167734","11","12","0,00386005","-0,332905","0,00097726","0,00206176","0,00369299","0,00061089","3","2,5","0,00244231","False","113,768","113,4901","87,8637","0,2146","worthwhile","14,72","15,07","0,2587","2,163","-0,7666","41","gann_state_exit"
"tr_31d54260aded","3","2021-12-23T14:00:00+00:00","2021-12-24T09:00:00+00:00","long","long","3","14","12","1","0,00119","0,006","0,00117826","5","6","0,00288732","-1,040417","0,00063913","-0,00016621","0,00281732","0,00037596","2","2,5","0,00159673","False","114,371","114,1884","87,637","0,1399","worthwhile","0,22","0,57","0,0038","0,7776","-0,7173","19","gann_state_exit"
"tr_287f0db446e7","3","2021-12-27T10:00:00+00:00","2021-12-28T14:00:00+00:00","long","long","0","10","12","1","0,003571","0,003667","0,00089817","7","8","0,00186083","-0,944705","0,00044389","0,0008919","0,00154632","0,00022383","1","2,5","0,00110923","False","114,515","114,388","87,6337","0,0972","worthwhile","14,02","14,37","0,2457","3,4324","0,0","28","gann_state_exit"
"tr_fa36261e4c5f","3","2021-12-29T10:00:00+00:00","2021-12-29T16:00:00+00:00","long","long","2","10","12","1","0,004286","0,00581","0,0009587","3","4","0,00212381","-0,874422","0,00062711","0,000357","0,0019062","0,00040838","1","2,5","0,00156689","False","114,953","114,7729","87,4189","0,137","worthwhile","-8,28","-7,93","-0,1448","0,4719","-1,338","6","stop"
"tr_4b8afe3983da","3","2021-12-29T17:00:00+00:00","2021-12-29T18:00:00+00:00","short","short","2","17","12","-1","0,009381","-0,000143","-0,0007839","-1","1","0,002883","-1,262428","0,00071754","4,355E-05","0,00283945","0,00048473","2","3,095376","0,00222309","False","114,705","114,96","87,5456","0,1946","bad","-11,53","-11,18","-0,2018","0,0","-1,1098","1","stop"
"tr_35795d1a3bf6","3","2021-12-30T03:00:00+00:00","2021-12-31T02:00:00+00:00","long","long","3","3","12","1","0,007381","0,007714","0,00095947","9","10","0,00320886","-0,482759","0,00079259","0,0012974","0,00320886","0,00052619","2","2,5","0,00198068","False","115,04","114,8121","87,7227","0,1738","worthwhile","0,69","1,04","0,0122","0,7417","-0,2589","23","gann_state_exit"
"tr_6db5e3d2f97d","3","2022-01-03T02:00:00+00:00","2022-01-03T13:00:00+00:00","long","long","0","2","1","1","0,004","0,002762","0,00072415","0","1","0,00169353","-0,847734","0,00058395","0,00066918","0,00165879","0,00031619","3","2,5","0,00145912","False","115,203","115,0349","87,7121","0,128","worthwhile","-7,74","-7,39","-0,1358","0,9518","-1,2374","11","stop"
"tr_0e65119e47f2","3","2022-01-03T13:00:00+00:00","2022-01-03T16:00:00+00:00","short","short","0","13","1","-1","0,002476","0,002619","-0,00121901","0","1","0,00310214","-0,902715","0,00073157","-0,0002693","0,00305","0,00050876","3","2,5","0,00183016","False","115,004","115,2145","87,8313","0,1607","worthwhile","-9,57","-9,22","-0,1681","0,2566","-1,5726","3","stop"
"tr_fdf3879ee85c","3","2022-01-03T17:00:00+00:00","2022-01-05T10:00:00+00:00","long","long","0","17","1","1","0,008619","0,002524","0,00152018","0","1","0,00358177","-0,560131","0,00088254","0,00190291","0,00358177","0,00060847","4","2,5","0,00220522","False","115,365","115,1106","87,9792","0,194","worthwhile","28,39","28,74","0,4996","3,86","-0,4717","41","gann_state_exit"
"tr_ff55e163fc76","3","2022-01-07T17:00:00+00:00","2022-01-10T07:00:00+00:00","short","short","4","17","1","-1","0,002286","-0,004381","-0,00192338","6","7","0,00362162","-0,623857","0,00090057","-0,00136381","0,00327588","0,00053101","2","2,5","0,00225273","False","115,627","115,8875","87,5419","0,1972","worthwhile","-8,6","-8,25","-0,1505","0,334","-0,8561","14","gann_state_exit"
"tr_6c9f63885ea4","3","2022-01-10T13:00:00+00:00","2022-01-11T14:00:00+00:00","short","short","0","13","1","-1","-0,011714","-0,006143","-0,00133334","0","1","0,00377257","-0,314493","0,00085291","-0,00106315","0,00296787","0,00049126","2","2,5","0,00213288","False","115,538","115,7844","87,6739","0,187","worthwhile","5,11","5,46","0,0896","2,0128","0,0","25","gann_state_exit"
"tr_497b44afad8c","3","2022-01-12T16:00:00+00:00","2022-01-14T22:00:00+00:00","short","short","2","16","1","-1","-0,001524","-0,011476","-0,00166531","0","1","0,00491285","-0,830395","0,00086758","-0,00216529","0,0032029","0,00059258","3","3,371606","0,0029273","False","115,123","115,46","70,0763","0,2051","worthwhile","33,78","34,06","0,5918","4,8694","-0,0148","54","gann_state_exit"
"tr_aa6b339441df","3","2022-01-18T05:00:00+00:00","2022-01-18T16:00:00+00:00","long","long","1","5","1","1","0,015905","0,002762","0,00226398","0","1","0,00812144","1,135135","0,00082907","0,002157","0,00453999","0,00072511","2","3,142643","0,0026053","True","114,766","114,467","87,0801","0,2269","worthwhile","-13,5","-13,15","-0,2351","0,7993","-1,0401","11","stop"
"tr_10d27acb5580","3","2022-01-20T16:00:00+00:00","2022-01-24T05:00:00+00:00","short","short","3","16","1","-1","-0,004905","-0,008286","-0,00278936","5","6","0,0048485","-0,260713","0,00104251","-0,00223948","0,00458547","0,00059961","2","2,5","0,00260703","False","114,023","114,3203","87,2853","0,2276","worthwhile","8,08","8,43","0,1411","1,4095","-0,7031","37","gann_state_exit"
"tr_4c5a26bc9306","3","2022-01-24T11:00:00+00:00","2022-01-24T16:00:00+00:00","short","short","0","11","1","-1","-0,004667","-0,011714","-0,00202827","0","1","0,00498305","0,149662","0,00111769","-0,0015471","0,00369767","0,00062272","2","2,5","0,00279429","True","113,582","113,8994","87,1624","0,2436","worthwhile","-7,69","-7,34","-0,1341","0,3529","-0,7814","5","gann_state_exit"
"tr_2ade41d4c54c","3","2022-01-25T12:00:00+00:00","2022-01-26T03:00:00+00:00","long","long","1","12","1","1","0,013667","0,00719","0,00240949","0","1","0,00559389","-0,289509","0,0012417","0,00273426","0,00401568","0,0007466","2","2,5","0,00310307","False","114,096","113,742","69,8235","0,2167","bad","-9,84","-9,56","-0,1717","0,1695","-0,8925","15","gann_state_exit"
"tr_00382f90632b","3","2022-01-26T10:00:00+00:00","2022-01-28T18:00:00+00:00","long","long","2","10","1","1","-0,00781","-0,005429","0,00115346","1","2","0,0042813","-1,752547","0,00086102","-0,00020174","0,00331625","0,00048083","2","2,5","0,00214928","False","114,158","113,9126","87,4296","0,1879","worthwhile","44,23","44,58","0,7734","6,2277","-0,3464","56","gann_state_exit"
"tr_dcf3b36098ea","3","2022-02-02T10:00:00+00:00","2022-02-03T09:00:00+00:00","short","short","2","10","2","-1","-0,001905","-0,002714","-0,00115569","3","4","0,00545232","-0,642646","0,00084163","3,49E-05","0,00283521","0,00040465","2","2,5","0,00210525","False","114,566","114,8072","86,7586","0,1826","worthwhile","0,17","0,52","0,003","1,7082","-0,17","23","gann_state_exit"
"tr_3abd8a6c47fe","3","2022-02-03T13:00:00+00:00","2022-02-07T13:00:00+00:00","long","long","3","13","2","1","0,017048","0,027905","0,00321501","6","7","0,0056633","-0,29316","0,00089161","0,00464799","0,00514925","0,00052569","1","2,5","0,0022284","False","114,806","114,5502","86,756","0,1933","worthwhile","8,74","9,09","0,1516","2,4391","-0,2736","48","gann_state_exit"
"tr_5ca8f2fe3bef","3","2022-02-08T07:00:00+00:00","2022-02-09T07:00:00+00:00","long","long","1","7","2","1","0,003","0,006857","0,00288877","4","5","0,00435853","-0,220762","0,00094202","0,00264114","0,00435853","0,00062952","1","2,5","0,00235451","False","115,432","115,1602","86,6246","0,204","worthwhile","0,91","1,26","0,0157","0,9125","-0,7359","24","gann_state_exit"
"tr_13958057a154","3","2022-02-10T08:00:00+00:00","2022-02-11T17:00:00+00:00","long","long","3","8","2","1","0,010238","0,011714","0,00143086","9","10","0,00308783","-0,786744","0,0007146","0,0021931","0,00266401","0,00033753","1","2,5","0,00178548","False","115,682","115,4755","86,611","0,1546","worthwhile","9,44","9,79","0,1636","3,176","-0,673","33","gann_state_exit"
"tr_8c0e8f81e986","3","2022-02-15T16:00:00+00:00","2022-02-16T16:00:00+00:00","long","long","1","16","2","1","-0,000476","0,00119","0,00184956","5","6","0,00637257","-0,744125","0,00110389","0,00015566","0,00421956","0,00085884","2","2,5","0,0027574","False","115,749","115,4298","86,4696","0,2384","worthwhile","-11,95","-11,6","-0,2067","0,3854","-0,9211","24","gann_state_exit"
"tr_b711e8d8bbf4","3","2022-02-22T14:00:00+00:00","2022-02-23T23:00:00+00:00","long","long","1","14","2","1","0,009667","0,003429","0,00334961","3","4","0,00517896","-0,360797","0,00105971","0,00206367","0,00517896","0,00070445","1","2,5","0,00264821","False","115,127","114,8221","86,6487","0,2295","worthwhile","-5,78","-5,43","-0,1002","0,3805","-0,82","33","gann_state_exit"
"tr_cde33acaea75","3","2022-02-24T05:00:00+00:00","2022-02-24T16:00:00+00:00","short","short","3","5","2","-1","0,001476","-0,002952","-0,00057505","8","9","0,00322547","-2,781031","0,00094723","-0,00033026","0,00322547","0,00068145","1","3,55201","0,00337352","False","114,717","115,104","69,3884","0,2341","worthwhile","-13,8","-13,52","-0,2394","0,7959","-1,2145","11","stop"
"tr_f8800390a85e","3","2022-02-24T17:00:00+00:00","2022-02-28T18:00:00+00:00","long","long","3","17","2","1","0,002905","-0,008","0,00375673","0","1","0,00687673","-0,168359","0,00154718","0,00209693","0,00675517","0,00110508","1","2,5","0,00386688","False","115,203","114,7575","52,1662","0,2017","worthwhile","-1,2","-0,99","-0,0209","1,2638","-0,1235","49","gann_state_exit"
"tr_a08a081a44e8","3","2022-03-18T13:00:00+00:00","2022-03-23T17:00:00+00:00","long","long","4","13","3","1","0,00719","0,012476","0,00263823","8","9","0,00554112","-1,580733","0,00102662","0,0015158","0,00537295","0,00076346","1","2,5","0,00256236","False","119,124","118,8188","86,9618","0,2228","worthwhile","66,49","66,84","1,1564","7,4991","-0,3899","76","gann_state_exit"
"tr_dd25effc89cf","3","2022-03-24T08:00:00+00:00","2022-03-25T08:00:00+00:00","long","long","3","8","3","1","0,005429","0,008476","0,00217857","10","11","0,00675609","-1,243421","0,00125388","0,0026799","0,00584868","0,00082606","2","2,5","0,00312976","False","121,415","121,035","68,7741","0,2152","worthwhile","1,43","1,71","0,0246","2,6895","-0,6263","24","gann_state_exit"
"tr_ff249370ce76","3","2022-03-28T04:00:00+00:00","2022-03-29T08:00:00+00:00","long","long","0","4","3","1","0,023333","0,030476","0,00364964","11","12","0,01030843","-0,898883","0,00188404","0,00626497","0,0097112","0,00119265","1","2,5","0,00470205","False","122,439","121,8633","51,5679","0,2425","worthwhile","22,28","22,49","0,3831","4,6203","0,0","28","gann_state_exit"
"tr_d15caa7a4d5a","3","2022-03-31T17:00:00+00:00","2022-04-01T03:00:00+00:00","short","short","3","17","3","-1","-0,010429","-0,017667","-0,00453938","3","4","0,00915989","-0,754952","0,00213664","-0,00340379","0,00915989","0,00173372","4","2,5","0,00535032","False","121,31","121,959","34,2475","0,1832","bad","-10,82","-10,68","-0,1852","0,0447","-1,3666","10","stop"
"tr_addd1968dac0","3","2022-04-01T05:00:00+00:00","2022-04-04T06:00:00+00:00","long","long","4","5","4","1","0,001","-0,005476","0,0058559","1","2","0,00958843","-0,442144","0,00220005","0,00225299","0,00895901","0,0017634","4","2,5","0,00549468","False","122,456","121,7831","34,311","0,1885","worthwhile","3,06","3,2","0,0524","0,862","-0,318","25","gann_state_exit"
"tr_4cb26e5ed490","3","2022-04-05T11:00:00+00:00","2022-04-07T05:00:00+00:00","long","long","1","11","4","1","0,007762","0,00019","0,0023603","0","1","0,00598018","-0,35616","0,00121076","0,00100177","0,00504451","0,00085279","2","2,61408","0,0031636","False","122,961","122,572","68,586","0,217","worthwhile","21,08","21,36","0,3614","2,8021","-0,6864","42","gann_state_exit"
"tr_8ce7a6ca23f0","3","2022-04-08T15:00:00+00:00","2022-04-12T18:00:00+00:00","long","long","4","15","4","1","0,009381","0,010333","0,00207349","7","8","0,0051218","-0,40859","0,00104461","0,00299667","0,00449366","0,00074983","2","2,5","0,00261037","False","124,23","123,9057","85,4238","0,223","worthwhile","37,44","37,79","0,6396","4,752","-0,8048","51","gann_state_exit"
"tr_209b9752024d","3","2022-04-13T09:00:00+00:00","2022-04-13T21:00:00+00:00","long","long","2","9","4","1","0,00019","0,002667","0,00230329","5","6","0,00789032","-0,888801","0,00144225","-0,00019901","0,00764349","0,00125662","2","2,5","0,00360096","False","125,76","125,3071","67,9047","0,2445","worthwhile","-5,44","-5,16","-0,0923","1,2344","-0,8502","12","gann_state_exit"
"tr_7fe61463e82a","3","2022-04-15T03:00:00+00:00","2022-04-20T09:00:00+00:00","long","long","4","3","4","1","0,038714","0,033238","0,00498375","11","12","0,0089164","-0,817965","0,00142436","0,00757848","0,0089164","0,00103671","1","2,5","0,0035567","False","126,321","125,8717","67,9675","0,2417","worthwhile","73,57","73,85","1,2501","6,8576","-0,1847","78","gann_state_exit"
"tr_3621284dfbf9","3","2022-04-25T16:00:00+00:00","2022-04-26T10:00:00+00:00","short","short","0","16","4","-1","-0,039952","-0,017238","-0,0032344","6","7","0,01072869","-1,566562","0,00212679","-0,00565599","0,00823964","0,00131911","3","2,5","0,00533483","False","127,732","128,4134","33,5641","0,1791","worthwhile","-2,63","-2,49","-0,0441","0,5621","-0,7132","18","gann_state_exit"
"tr_c1fbc65e120b","3","2022-04-26T15:00:00+00:00","2022-04-27T08:00:00+00:00","short","short","1","15","4","-1","-0,013619","-0,006619","-0,003452","1","2","0,00987887","-0,752881","0,00204111","-0,00101039","0,00681328","0,00106454","2","2,5","0,00511071","False","127,347","127,9978","33,579","0,1716","worthwhile","-5,09","-4,95","-0,0855","0,6207","-0,7375","17","gann_state_exit"
"tr_bcc3b402e9f0","3","2022-04-27T16:00:00+00:00","2022-04-29T10:00:00+00:00","long","long","2","16","4","1","0,033333","0,038143","0,00441942","10","11","0,00983829","-0,620503","0,00184979","0,00427364","0,00979144","0,00108137","1","2,5","0,00461911","False","128,22","127,6277","50,4115","0,2329","worthwhile","46,48","46,69","0,781","5,1177","-0,52","42","gann_state_exit"
"tr_fe99e2627ff4","3","2022-05-03T16:00:00+00:00","2022-05-03T17:00:00+00:00","short","short","1","16","5","-1","-0,019143","-0,020762","-0,00214294","1","2","0,00599766","-1,35109","0,00105992","-0,00222012","0,00423455","0,0005833","3","2,5","0,00265364","False","129,696","130,0402","83,3681","0,2212","bad","-13,66","-13,31","-0,2278","0,0","-0,9995","1","stop"
"tr_292021a8929b","3","2022-05-04T21:00:00+00:00","2022-05-05T13:00:00+00:00","short","short","2","21","5","-1","-0,002048","-0,006952","-0,00088019","8","9","0,00393065","-2,772903","0,00085162","-0,0008147","0,00319221","0,0004229","1","3,892903","0,00332318","False","129,695","130,126","66,8467","0,2221","worthwhile","-0,09","0,19","-0,0016","2,3852","-0,3039","16","gann_state_exit"
"tr_6d09817483d2","3","2022-05-05T18:00:00+00:00","2022-05-09T18:00:00+00:00","long","long","3","18","5","1","0,007857","0,006571","0,00748753","7","8","0,01348259","-0,395743","0,00269681","0,01132914","0,01348259","0,00151338","1","2,5","0,00673474","False","130,383","129,5049","33,4239","0,2251","worthwhile","2,16","2,3","0,0361","1,1001","-0,4555","48","gann_state_exit"
"tr_71bbbf62f924","3","2022-05-09T18:00:00+00:00","2022-05-11T00:00:00+00:00","short","short","0","18","5","-1","0,012857","0,003238","-0,00324007","2","3","0,00923869","-1,939444","0,00156021","-0,00035226","0,00684092","0,00097588","1","3,505728","0,00548636","False","130,141","130,855","33,4118","0,1833","worthwhile","-4,8","-4,66","-0,0802","0,4818","-0,6106","30","gann_state_exit"
"tr_6f75c97d9208","3","2022-05-11T12:00:00+00:00","2022-05-11T15:00:00+00:00","short","short","2","12","5","-1","-0,001476","-0,002667","-0,00389904","1","2","0,00582161","-0,369535","0,00133366","-0,00089247","0,00527487","0,00068689","2","2,5","0,00333585","False","129,795","130,228","66,8772","0,2231","worthwhile","-13,64","-13,36","-0,2281","0,3695","-2,3258","3","stop"
"tr_593664ac9d44","3","2022-05-11T16:00:00+00:00","2022-05-11T20:00:00+00:00","long","long","2","16","5","1","0,016381","-0,017524","0,00472585","0","1","0,00929254","0,9801","0,00153728","0,00385419","0,00929254","0,00174324","3","4,915423","0,00755583","True","130,76","129,772","16,7575","0,1266","bad","-6,47","-6,4","-0,1084","0,0","-0,8806","4","gann_state_exit"
"tr_56306bf9d0c1","3","2022-05-17T16:00:00+00:00","2022-05-17T17:00:00+00:00","long","long","1","16","5","1","0,021143","0,010857","0,00347244","11","12","0,00690704","-0,301387","0,00151076","0,004107","0,0059115","0,00091129","1","2,5","0,00377514","False","129,639","129,1496","50,3271","0,19","bad","-11,62","-11,41","-0,195","0,0388","-1,1606","1","stop"
"tr_09f9ebea1b5e","3","2022-05-19T11:00:00+00:00","2022-05-20T13:00:00+00:00","short","short","3","11","5","-1","-0,026905","-0,051429","-0,00300126","0","1","0,01280492","-1,204596","0,00218169","-0,00676194","0,01052","0,00166245","2","2,612936","0,00571572","False","127,893","128,624","33,6169","0,1921","worthwhile","-3,82","-3,68","-0,0643","1,1874","-0,5513","26","gann_state_exit"
"tr_b5eb1f4adaeb","3","2022-05-24T12:00:00+00:00","2022-05-25T13:00:00+00:00","short","short","1","12","5","-1","-0,00681","-0,012381","-0,00319458","3","4","0,00732149","-1,345846","0,0016326","-0,00305889","0,0070076","0,00095649","1","2,5","0,00409056","False","127,151","127,6711","50,4578","0,2064","worthwhile","0,45","0,66","0,0076","1,517","-0,721","25","gann_state_exit"
"tr_a7650c05c507","3","2022-05-26T10:00:00+00:00","2022-05-26T18:00:00+00:00","short","short","3","10","5","1","0,010952","0,009667","-4,268E-05","0","1","0,00732039","-2,746835","0,00150856","0,00019661","0,00616454","0,00094872","1","3,711095","0,00562179","False","126,65","127,362","33,636","0,1891","bad","-10,9","-10,76","-0,1833","0,1222","-0,9803","8","gann_state_exit"
"tr_f8d3b426d62c","3","2022-05-30T11:00:00+00:00","2022-06-02T15:00:00+00:00","long","long","0","11","5","1","0,011429","0,003095","0,00293167","0","1","0,0055433","0,099776","0,00133778","0,00346672","0,00449117","0,00084369","3","2,5","0,00334421","True","127,37","126,944","67,3955","0,2254","worthwhile","70,76","71,04","1,1922","6,7402","-0,2841","76","gann_state_exit"
"tr_da49949d8af5","3","2022-06-03T15:00:00+00:00","2022-06-09T11:00:00+00:00","long","long","4","15","6","1","0,007095","0,013429","0,00241066","5","6","0,00525604","-0,85168","0,00094736","0,00229517","0,00394203","0,0005095","3","2,5","0,00236646","False","130,243","129,9348","99,9023","0,2364","worthwhile","144,95","145,37","2,4135","13,9968","0,0","92","gann_state_exit"
"tr_f027feda9292","3","2022-06-10T23:00:00+00:00","2022-06-13T14:00:00+00:00","long","long","4","23","6","1","-0,003429","-0,001238","0,00355495","6","7","0,00962197","-0,321091","0,00224807","-8,929E-05","0,00827504","0,00139964","2","2,5","0,00561603","False","134,479","133,7238","32,516","0,1826","worthwhile","-0,51","-0,37","-0,0083","0,9507","-0,4515","15","gann_state_exit"
"tr_90c54ee75cf2","3","2022-06-15T21:00:00+00:00","2022-06-16T04:00:00+00:00","short","short","2","21","6","-1","-0,044762","-0,039667","-0,00459232","11","12","0,01173195","-1,904584","0,00180183","-0,00907321","0,00963271","0,00100462","1","2,693685","0,00487036","False","133,871","134,523","48,778","0,2376","worthwhile","-14,79","-14,58","-0,2406","0,5613","-1,1503","7","stop"
"tr_f6ef848f8217","3","2022-06-16T12:00:00+00:00","2022-06-17T05:00:00+00:00","short","short","3","12","6","-1","-0,010571","-0,060286","-0,00928619","0","1","0,01725665","0,758971","0,00277906","-0,01096503","0,0137813","0,00220124","2","3,014277","0,00837737","True","133,216","134,332","16,2985","0,1365","worthwhile","-8,39","-8,32","-0,1368","1,5439","-1,2778","17","stop"
"tr_f435ebe095fd","3","2022-06-27T14:00:00+00:00","2022-06-29T12:00:00+00:00","long","long","0","14","6","1","0,004571","0,010952","0,00231178","1","2","0,00774982","-0,738145","0,00169307","-1,479E-05","0,00649269","0,00119001","2","2,5","0,00422733","False","135,4","134,8276","48,9626","0,207","worthwhile","16,91","17,12","0,2759","1,7191","-0,6779","46","gann_state_exit"
"tr_357600b993b7","3","2022-06-29T13:00:00+00:00","2022-06-30T10:00:00+00:00","long","long","2","13","6","1","0,01","0,008857","0,00364943","0","1","0,01040835","0,664199","0,00155492","0,00221695","0,0054642","0,00080913","2","2,5","0,00388702","True","136,535","136,0043","48,8278","0,1898","worthwhile","-11,96","-11,75","-0,1947","0,8837","-1,0778","21","stop"
"tr_f9091fb1a542","3","2022-06-30T16:00:00+00:00","2022-07-04T12:00:00+00:00","short","short","3","16","6","-1","-0,025476","-0,023143","-0,00297792","7","8","0,008939","-1,907638","0,00137843","-0,00330171","0,00621396","0,00053849","1","2,765542","0,00382222","False","135,785","136,304","65,2307","0,2493","worthwhile","12,81","13,09","0,2089","2,0058","-0,6628","44","gann_state_exit"
"tr_ed1fc053ec94","3","2022-07-08T06:00:00+00:00","2022-07-08T15:00:00+00:00","short","short","4","6","7","-1","0,00681","-0,012333","-0,00338473","0","1","0,00597367","-0,225394","0,00153784","-0,00184768","0,00597367","0,00116796","3","2,551267","0,00392487","False","135,546","136,078","48,8211","0,1916","bad","-11,98","-11,77","-0,195","0,1992","-1,9173","9","stop"
"tr_aa5493b9ebc4","3","2022-07-08T16:00:00+00:00","2022-07-12T07:00:00+00:00","long","long","4","16","7","1","0,026381","-0,003762","0,00489308","0","1","0,00908211","0,819193","0,00178961","0,00285223","0,00908211","0,00135007","2","2,59684","0,00464717","True","136,427","135,793","48,9164","0,2273","worthwhile","17,61","17,82","0,2871","2,0931","-0,8817","39","gann_state_exit"
"tr_3971a71c57c0","3","2022-07-13T15:00:00+00:00","2022-07-15T12:00:00+00:00","long","long","2","15","7","1","0,020095","0,025857","0,00128776","10","11","0,00771302","-3,069809","0,00116475","0,00265588","0,00496202","0,00075866","1","3,232697","0,00375183","False","137,533","137,017","65,0352","0,244","worthwhile","36,52","36,8","0,5937","3,6027","-0,845","45","gann_state_exit"
"tr_1734f6ea9b1b","3","2022-07-21T18:00:00+00:00","2022-07-25T16:00:00+00:00","short","short","3","18","7","-1","0,002238","-0,019905","-0,00466131","0","1","0,00810348","0,248116","0,00169587","-0,00298723","0,00810348","0,00120893","1","2,5","0,0042397","True","137,841","138,4254","48,4885","0,2056","worthwhile","28,11","28,32","0,4543","3,8946","-0,296","46","gann_state_exit"
"tr_fe8367058b4c","3","2022-07-26T13:00:00+00:00","2022-07-26T15:00:00+00:00","long","long","1","13","7","1","-0,005143","-0,002095","0,00062755","4","5","0,00658193","-1,34141","0,00110797","0,00035155","0,00374123","0,00057309","2","2,5","0,00276578","False","136,791","136,4127","80,4486","0,2225","bad","-14,29","-13,94","-0,2299","0,0","-1,0282","2","stop"
"tr_ae19fb4bfddc","3","2022-07-26T23:00:00+00:00","2022-07-27T15:00:00+00:00","long","long","1","23","7","1","0,00819","0,006524","0,00262135","2","3","0,00417321","-0,098934","0,0014036","0,00299083","0,00413667","0,00065114","3","2,5","0,00350846","False","136,846","136,3659","64,5072","0,2263","worthwhile","-2,47","-2,19","-0,0399","0,6144","-0,6561","16","gann_state_exit"
"tr_d16fa1af9ed9","3","2022-07-27T17:00:00+00:00","2022-07-27T21:00:00+00:00","long","long","2","17","7","1","0,016","0,009286","0,00109302","1","2","0,00626598","-1,261674","0,00122134","0,00181443","0,00445483","0,00068215","2","2,5","0,00304861","False","137,143","136,7249","80,6661","0,2459","worthwhile","-15,71","-15,36","-0,2535","0,7558","-1,9708","4","stop"
"tr_e73138355691","3","2022-07-28T02:00:00+00:00","2022-07-29T18:00:00+00:00","short","short","3","2","7","-1","-0,026714","-0,024","-0,00400289","4","5","0,0086186","-0,704242","0,00172749","-0,00401463","0,00835477","0,00158033","3","2,5","0,00432405","False","136,281","136,8703","48,5226","0,2098","worthwhile","58,18","58,39","0,9411","6,4128","-0,2325","40","gann_state_exit"
"tr_dfd093c9b28a","3","2022-08-01T04:00:00+00:00","2022-08-02T19:00:00+00:00","short","short","0","4","8","-1","-0,043667","-0,01019","-0,00487766","9","10","0,01636815","-0,979154","0,00290523","-0,00374869","0,0157661","0,00219444","2","2,5","0,00728392","False","132,5","133,4651","32,0469","0,2334","worthwhile","2,67","2,81","0,0428","2,1852","-0,2632","39","gann_state_exit"
"tr_173d8792c4c7","3","2022-08-05T16:00:00+00:00","2022-08-08T16:00:00+00:00","long","long","4","16","8","1","0,069714","-0,001238","0,01285121","0","1","0,01733778","0,753337","0,00254294","0,01195468","0,01733778","0,00282626","1","4,698137","0,01194613","True","134,688","133,079","16,0166","0,1913","worthwhile","1,09","1,16","0,0174","0,5519","-0,0547","24","gann_state_exit"
"tr_2cbad13b230e","3","2022-08-10T15:00:00+00:00","2022-08-11T23:00:00+00:00","short","short","2","15","8","-1","-0,001571","-0,002619","-0,0021695","8","9","0,00439127","-1,503916","0,00094699","-0,0010374","0,00373109","0,00053361","1","3,258486","0,0030902","False","134,619","135,035","80,0689","0,2474","worthwhile","55,8","56,15","0,8936","6,9423","0,0","32","gann_state_exit"
"tr_547b26fc5e93","3","2022-08-16T10:00:00+00:00","2022-08-18T17:00:00+00:00","long","long","1","10","8","1","0,001095","0,00119","0,00237381","5","6","0,00777245","-1,427694","0,00156969","0,00045741","0,00703793","0,00117276","1","2,5","0,0039154","False","133,721","133,1974","63,4878","0,2486","worthwhile","37,67","37,95","0,598","3,3997","-0,1604","55","gann_state_exit"
"tr_a8fc837e594c","3","2022-08-22T18:00:00+00:00","2022-08-23T12:00:00+00:00","long","long","0","18","8","1","0,022619","0,017571","0,00183519","2","3","0,00955637","-1,136374","0,00159082","0,00214036","0,00536498","0,00107448","2","2,5","0,00396981","False","137,436","136,8904","47,3329","0,1879","worthwhile","-5,15","-4,94","-0,0813","0,5022","-0,7221","18","gann_state_exit"
"tr_a5b0ed34f306","3","2022-08-23T17:00:00+00:00","2022-08-24T18:00:00+00:00","short","short","1","17","8","-1","0,001429","-0,03419","-0,00484538","0","1","0,0078069","-0,442195","0,0017192","-0,00465651","0,0078069","0,0014476","3","3,915975","0,00673758","False","136,696","137,617","31,5809","0,2128","worthwhile","-1,3","-1,16","-0,0205","0,7752","-0,5961","25","gann_state_exit"
"tr_388a1d37d034","3","2022-09-01T00:00:00+00:00","2022-09-02T20:00:00+00:00","long","long","3","0","8","1","0,007524","0,009667","0,0030818","11","12","0,00736199","-0,535784","0,00158494","0,00237326","0,00528221","0,00093103","2","2,5","0,00395892","False","139,077","138,5264","47,3811","0,1876","worthwhile","24,44","24,65","0,3859","3,1293","-0,1035","44","gann_state_exit"
"tr_9402b2682b99","3","2022-09-06T07:00:00+00:00","2022-09-08T01:00:00+00:00","long","long","1","7","9","1","0,007286","0,008238","0,001052","0","1","0,00414669","-0,576143","0,00085183","0,00017785","0,00294465","0,00051837","2","2,5","0,0021285","False","140,665","140,3656","94,3978","0,2009","worthwhile","128,14","128,56","2,016","14,4553","0,0","42","gann_state_exit"
"tr_70e00fa3b8a2","3","2022-09-09T06:00:00+00:00","2022-09-12T06:00:00+00:00","short","short","4","6","9","-1","-0,01781","-0,00081","-0,00235527","1","2","0,0086424","-1,221762","0,0022383","0,00031323","0,00784218","0,00132387","4","2,5","0,00561118","False","143,315","144,1192","30,8441","0,1731","worthwhile","6,51","6,65","0,1004","2,2545","0,0","24","gann_state_exit"
"tr_67fbdc8115df","3","2022-09-20T11:00:00+00:00","2022-09-21T12:00:00+00:00","long","long","1","11","9","1","-0,000571","-0,00081","0,0019065","1","2","0,00699803","-0,931559","0,00130939","-0,00110007","0,00495577","0,00066995","4","2,5","0,00326945","False","143,646","143,1764","61,6264","0,2015","worthwhile","2,42","2,7","0,0373","0,9156","-0,6452","25","gann_state_exit"
"tr_3245d12d9de7","3","2022-09-21T14:00:00+00:00","2022-09-21T21:00:00+00:00","long","long","2","14","9","1","0,001571","0,010762","0,00195357","1","2","0,00783117","-0,871899","0,00130702","0,0012593","0,00509339","0,00078518","2","2,5","0,00326377","False","144,078","143,6078","61,6034","0,2011","worthwhile","-13,43","-13,15","-0,2069","1,3227","-1,4376","7","stop"
"tr_aa4eed7df0ad","3","2022-09-22T05:00:00+00:00","2022-09-22T11:00:00+00:00","long","long","3","5","9","1","0,020476","0,022381","0,00390709","5","6","0,00939582","-0,846301","0,00224171","0,00325095","0,00939582","0,001691","4","2,5","0,0055936","False","144,702","143,8926","30,8655","0,1726","worthwhile","-11,42","-11,28","-0,1762","1,4789","-4,9641","6","stop"
"tr_535bbb9c5174","3","2022-09-27T17:00:00+00:00","2022-09-28T13:00:00+00:00","long","long","1","17","9","1","0,005286","0,002952","0,00182154","1","2","0,00873172","-0,660435","0,00149693","-0,00053205","0,00504684","0,00079038","2","2,5","0,00373858","False","144,79","144,2487","61,8401","0,2312","ambiguous","-1,03","-0,75","-0,0159","0,2088","-0,7389","20","gann_state_exit"
"tr_574230bca684","3","2022-09-30T22:00:00+00:00","2022-10-03T18:00:00+00:00","long","long","4","22","9","1","0,015048","0,016524","0,00219802","7","8","0,00408885","-0,105166","0,00124784","0,00243713","0,00406122","0,00077867","3","2,5","0,00311914","False","144,805","144,3533","77,3124","0,2411","worthwhile","-16,06","-15,71","-0,2484","1,0959","-1,4347","20","stop"
"tr_f174a98c7b13","3","2022-10-03T18:00:00+00:00","2022-10-04T04:00:00+00:00","short","short","0","18","10","-1","0,003762","-0,012286","-0,00335189","0","1","0,00758651","-1,243079","0,0014645","-0,00218947","0,00621595","0,00103532","1","2,977718","0,00436887","False","144,202","144,832","46,5029","0,2032","bad","-13,3","-13,09","-0,2062","0,0","-0,9873","10","stop"
"tr_131da06f4192","3","2022-10-07T16:00:00+00:00","2022-10-11T16:00:00+00:00","long","long","4","16","10","1","0,018524","0,002905","0,0011075","0","1","0,00598324","-0,461318","0,00103102","0,00089691","0,00432199","0,00048316","2","2,5","0,00257628","False","145,143","144,7691","93,1979","0,2401","worthwhile","20,55","20,97","0,3192","1,9228","-0,1203","48","gann_state_exit"
"tr_f033539855e5","3","2022-10-11T22:00:00+00:00","2022-10-20T16:00:00+00:00","long","long","1","22","10","1","0,005333","-0,001619","0,00144186","0","1","0,00301763","-0,355469","0,00100326","0,00099543","0,00299019","0,00053872","4","2,5","0,00250723","False","145,864","145,4983","92,9014","0,2329","worthwhile","161,4","161,82","2,4991","11,5527","-0,7219","162","gann_state_exit"
"tr_dd4ab5d5b3a4","3","2022-10-20T21:00:00+00:00","2022-10-21T17:00:00+00:00","long","long","3","21","10","1","0,007095","0,002238","0,00180286","0","1","0,00507154","-0,240458","0,00099774","0,00128787","0,00357207","0,00072995","2","2,5","0,00249373","False","150,091","149,7167","90,6364","0,226","worthwhile","-15,5","-15,08","-0,2341","4,9454","-3,0244","20","stop"
"tr_bf725d84dbd5","3","2022-10-21T18:00:00+00:00","2022-10-24T15:00:00+00:00","short","short","4","18","10","-1","0,075381","-0,04519","-0,00396849","0","1","0,01987514","-1,536796","0,00231517","-0,00039961","0,01987514","0,00209779","1","6,009045","0,01396179","False","149,551","151,639","15,1415","0,2114","worthwhile","3,49","3,56","0,0528","1,9248","-0,0742","21","gann_state_exit"
"tr_9aac56730a7d","3","2022-10-25T16:00:00+00:00","2022-10-27T15:00:00+00:00","short","short","1","16","10","-1","0,002524","-0,002048","-0,00143873","0","1","0,00796505","-2,816244","0,0011862","-0,00122183","0,00416737","0,00047421","1","3,819212","0,00454558","False","148,276","148,95","45,4005","0,2064","worthwhile","32,47","32,68","0,4914","4,6988","-0,1988","47","gann_state_exit"
"tr_9e6819d31ed5","3","2022-11-01T13:00:00+00:00","2022-11-01T17:00:00+00:00","short","short","1","13","11","-1","-0,048238","-0,059619","-0,00731597","8","9","0,00993449","-0,436421","0,00183351","-0,00867858","0,00993449","0,00115435","1","2,5","0,00458752","False","147,346","148,022","45,1785","0,2073","worthwhile","-13,95","-13,74","-0,2101","0,5193","-1,2841","4","stop"
"tr_ae66ab1e6451","3","2022-11-02T13:00:00+00:00","2022-11-02T22:00:00+00:00","short","short","2","13","11","-1","-0,003","0,001571","-0,0050513","9","10","0,01247808","-0,492895","0,00202693","-0,00206183","0,00914787","0,00158906","2","2,5","0,00507246","False","146,989","147,7346","45,2737","0,2296","worthwhile","-15,39","-15,18","-0,2323","1,7704","-1,3171","9","stop"
"tr_ba12a53a760e","3","2022-11-07T12:00:00+00:00","2022-11-08T10:00:00+00:00","short","short","0","12","11","-1","-0,048524","-0,04919","-0,0036233","1","2","0,01259636","-0,417883","0,00251194","-0,00330174","0,01147169","0,00166744","2","2,5","0,00628653","False","146,553","147,4743","30,2527","0,1902","worthwhile","-2,84","-2,7","-0,0429","0,5058","-0,4157","22","gann_state_exit"
"tr_be6a7f66fe0c","3","2022-11-08T16:00:00+00:00","2022-11-09T17:00:00+00:00","short","short","1","16","11","-1","-0,01319","-0,009714","-0,00205584","4","5","0,01011847","-1,346278","0,00141589","-0,00103742","0,0053906","0,00080223","2","2,5","0,00354653","False","146,085","146,6031","60,5314","0,2147","worthwhile","-9,27","-8,99","-0,1403","1,7642","-0,9458","25","gann_state_exit"
"tr_206e581b52d3","3","2022-11-15T15:00:00+00:00","2022-11-15T16:00:00+00:00","short","short","1","15","11","-1","-0,05781","-0,057095","-0,00612259","5","6","0,01344267","-1,943357","0,00232422","-0,0083811","0,01193468","0,00183066","1","2,5","0,00583701","False","138,627","139,4362","30,3082","0,1769","worthwhile","-11,77","-11,63","-0,1784","0,3633","-1,1221","1","stop"
"tr_c4488e595d68","3","2022-11-17T14:00:00+00:00","2022-11-18T06:00:00+00:00","long","long","3","14","11","1","0,014048","0,035857","0,00384698","2","3","0,01011531","-1,373768","0,00210748","0,003832","0,00870703","0,0011801","2","2,5","0,00525342","False","140,294","139,557","45,5436","0,2393","worthwhile","-12,75","-12,54","-0,1936","0,6051","-0,8738","16","gann_state_exit"
"tr_d83bc73c3aac","3","2022-11-23T16:00:00+00:00","2022-11-25T05:00:00+00:00","short","short","2","16","11","-1","-0,005048","-0,014429","-0,00236282","0","1","0,00796149","-0,726037","0,00141587","-0,00128862","0,00498391","0,00072462","4","2,5","0,00354337","False","140,907","141,4063","60,8425","0,2156","worthwhile","61,55","61,83","0,9363","5,7162","0,0","37","gann_state_exit"
"tr_a7e3a1e70b98","3","2022-11-28T09:00:00+00:00","2022-11-28T15:00:00+00:00","short","short","0","9","11","-1","-0,054238","-0,030238","-0,00692099","5","6","0,01031689","-0,493755","0,00187555","-0,00791686","0,01031689","0,00121386","1","2,5","0,00469328","False","138,09","138,7381","45,2086","0,2122","worthwhile","-14,27","-14,06","-0,215","0,915","-1,0153","6","stop"
"tr_963d11de6429","3","2022-11-30T22:00:00+00:00","2022-12-02T18:00:00+00:00","short","short","2","22","11","-1","-0,011714","-0,028905","-0,0075627","1","2","0,01471398","-0,251391","0,00285444","-0,00567203","0,01411238","0,00215686","1","2,5","0,00714132","False","137,863","138,8475","30,204","0,2157","worthwhile","35,01","35,15","0,5287","4,3067","-0,2925","44","gann_state_exit"
"tr_6a202e709230","3","2022-12-05T17:00:00+00:00","2022-12-06T16:00:00+00:00","long","long","0","17","12","1","0,046048","0,055381","0,00927665","7","8","0,0173627","-0,341943","0,00249686","0,00910576","0,01302754","0,00174325","1","2,5","0,00623673","False","135,984","135,1359","30,0452","0,1874","worthwhile","6,08","6,22","0,0913","1,705","-0,0259","23","gann_state_exit"
"tr_9ae97d8dc1de","3","2022-12-07T06:00:00+00:00","2022-12-07T15:00:00+00:00","long","long","2","6","12","1","-0,006381","0,005","0,00362515","9","10","0,01070462","-0,990183","0,00215773","0,0013874","0,01070462","0,00131266","2","2,5","0,00538275","False","137,432","136,6922","45,0267","0,2424","worthwhile","-16,49","-16,28","-0,2475","0,5759","-1,2139","9","stop"
"tr_47c6e3b819ab","3","2022-12-09T03:00:00+00:00","2022-12-09T17:00:00+00:00","short","short","4","3","12","-1","-0,010095","-0,007095","-0,00144129","10","11","0,00751555","-1,773022","0,00177478","-0,00216872","0,00685693","0,00082268","2","2,717259","0,00483783","False","136,218","136,877","45,1384","0,2184","worthwhile","-14,7","-14,49","-0,2211","0,9347","-1,0486","14","stop"
"tr_8e3ad0c47277","3","2022-12-13T15:00:00+00:00","2022-12-15T00:00:00+00:00","short","short","1","15","12","-1","0,005857","0,008381","-0,00308035","0","1","0,00984547","-2,986648","0,00171408","-0,00110566","0,00517033","0,00094213","1","4,031762","0,00694643","False","136,617","137,566","30,159","0,2095","worthwhile","16,67","16,81","0,2514","2,2234","0,0","33","gann_state_exit"
"tr_a604c1f5bb8a","3","2022-12-20T03:00:00+00:00","2022-12-20T05:00:00+00:00","long","long","1","3","12","1","0,048","0,038381","0,00660754","11","12","0,01167304","-0,343005","0,00180455","0,00866723","0,01167304","0,00123171","1","2,5","0,00450851","False","137,412","136,7925","45,125","0,2034","bad","-13,84","-13,63","-0,2082","0,0065","-6,9537","2","stop"
"tr_7e45f11d2f21","3","2022-12-22T16:00:00+00:00","2022-12-29T06:00:00+00:00","long","long","3","16","12","1","0,003238","-0,000381","0,0029833","0","1","0,00741849","-0,699126","0,00172889","0,00022669","0,00653461","0,00100563","2","2,730961","0,00471577","False","132,534","131,909","45,2191","0,2132","worthwhile","29,2","29,41","0,4401","3,1456","-0,6048","86","gann_state_exit"
"tr_b12640455c61","3","2022-12-29T15:00:00+00:00","2023-01-03T13:00:00+00:00","short","short","3","15","12","-1","-0,022952","-0,014524","-0,00320097","11","12","0,00822389","-2,062984","0,00165768","-0,00473669","0,00770008","0,00102642","1","2,807825","0,00467051","False","133,176","133,798","45,021","0,2103","worthwhile","56,6","56,81","0,8494","5,8826","-0,3135","70","gann_state_exit"
"tr_9bb54b5133ca","3","2023-01-04T17:00:00+00:00","2023-01-06T19:00:00+00:00","long","long","2","17","1","1","0,011619","-0,001238","0,00319547","0","1","0,01447284","-1,322343","0,00256881","0,00292447","0,0116256","0,00171765","2","2,5","0,00640018","False","131,451","130,6097","29,7612","0,1905","worthwhile","11,37","11,51","0,1692","3,9498","0,0","50","reverse"
"tr_f75fcb5f6328","3","2023-01-12T02:00:00+00:00","2023-01-16T13:00:00+00:00","short","short","3","2","1","-1","-0,007524","-0,026476","-0,00514487","0","1","0,00868069","-0,714789","0,00184553","-0,00418252","0,00831678","0,00124152","1","2,859155","0,00528369","False","131,726","132,422","44,5664","0,2355","worthwhile","77,45","77,66","1,1506","6,4684","-0,4138","59","gann_state_exit"
"tr_07f76cec36cb","3","2023-01-18T04:00:00+00:00","2023-01-18T15:00:00+00:00","long","long","2","4","1","1","0,010476","-0,005238","0,00190786","1","2","0,00904594","-1,720736","0,00265789","-0,0006374","0,00879704","0,00177551","4","2,5","0,00661437","False","129,156","128,3017","29,373","0,1943","worthwhile","-13,49","-13,35","-0,1981","2,8339","-1,3438","11","stop"
"tr_d847771baa22","3","2023-01-18T16:00:00+00:00","2023-01-19T16:00:00+00:00","short","short","2","16","1","-1","0,040667","0,00081","-0,01137403","0","1","0,02798851","-0,221772","0,00468073","-0,0009513","0,02785583","0,00447705","2","2,5","0,01171418","False","127,989","129,4883","14,7156","0,1724","bad","-3,22","-3,15","-0,0474","0,1507","-0,645","24","gann_state_exit"
"tr_11ddd93ed62e","3","2023-01-23T15:00:00+00:00","2023-01-24T09:00:00+00:00","long","long","0","15","1","1","0,007524","0,020524","0,00540207","7","8","0,01464976","-1,296339","0,00219739","0,00203884","0,01087983","0,0014035","2","2,5","0,00547779","False","130,614","129,8985","44,1679","0,2419","worthwhile","-13,1","-12,89","-0,1929","0,3858","-0,7981","18","gann_state_exit"
"tr_e388809c4cfc","3","2023-01-24T17:00:00+00:00","2023-01-24T18:00:00+00:00","long","long","1","17","1","1","0,017381","-0,012619","0,0063612","-1","1","0,01192493","0,69562","0,00197423","0,00319166","0,01059739","0,00136427","2","2,836584","0,00559989","True","131,074","130,34","44,2532","0,2478","bad","-22,95","-22,74","-0,3385","0,0","-1,6458","1","stop"
"tr_d193875286a3","3","2023-01-25T13:00:00+00:00","2023-01-26T13:00:00+00:00","short","short","2","13","1","-1","-0,018333","-0,018619","-0,00318427","1","2","0,01068593","-0,901212","0,00217682","-0,00828565","0,01009355","0,00190598","3","2,5","0,00545284","False","129,727","130,4344","44,4035","0,2421","worthwhile","0,6","0,81","0,0089","0,9896","-0,4312","24","gann_state_exit"
"tr_04f858a86ba7","3","2023-01-26T18:00:00+00:00","2023-01-27T01:00:00+00:00","long","long","3","18","1","1","0,043762","0,034","0,00766393","7","8","0,01167551","-0,46674","0,00233233","0,00698631","0,01167551","0,00133011","1","2,5","0,00582439","False","130,588","129,8274","29,5997","0,1724","bad","-11,89","-11,75","-0,1759","0,0","-1,2332","7","stop"
"tr_7186ef7d2cd4","3","2023-01-30T07:00:00+00:00","2023-01-30T10:00:00+00:00","short","short","0","7","1","-1","-0,016048","-0,032381","-0,0040138","0","1","0,00844905","0,068113","0,00181419","-0,00327924","0,00840271","0,00107103","3","2,5","0,00453551","True","129,481","130,0683","44,4779","0,2017","bad","-13,8","-13,59","-0,2046","0,1124","-1,1937","3","stop"
"tr_39e004416632","3","2023-01-30T16:00:00+00:00","2023-01-31T18:00:00+00:00","long","long","0","16","1","1","0,010571","0,008381","0,00284574","5","6","0,00836048","-0,635376","0,00188667","0,00170882","0,00836048","0,00153012","3","2,5","0,00471096","False","130,294","129,6802","44,569","0,21","worthwhile","-6,02","-5,81","-0,0895","0,4497","-0,8977","26","gann_state_exit"
"tr_29aba9188338","3","2023-02-01T13:00:00+00:00","2023-02-03T04:00:00+00:00","short","short","2","13","2","-1","-0,022619","-0,001381","-0,00273775","2","3","0,00580012","-0,441312","0,00143123","-0,00016173","0,00515309","0,00084974","2","2,5","0,00358039","False","129,741","130,2055","59,4786","0,213","worthwhile","31,57","31,85","0,4695","3,5692","-0,2863","39","gann_state_exit"
"tr_c75d5090f6b1","3","2023-02-03T16:00:00+00:00","2023-02-07T10:00:00+00:00","long","long","4","16","2","1","0,078476","0,00581","0,01114777","0","1","0,01632204","3,386297","0,0018612","0,01135515","0,01455978","0,00273208","5","6,553455","0,01219634","True","129,957","128,372","14,8002","0,1805","worthwhile","16,56","16,63","0,2451","1,8593","0,0","42","gann_state_exit"
"tr_02b56499d4a6","3","2023-02-09T15:00:00+00:00","2023-02-09T19:00:00+00:00","short","short","3","15","2","-1","-0,027762","-0,031333","-0,00441658","5","6","0,00941932","-0,81893","0,00185787","-0,0036185","0,00883826","0,00067741","1","2,5","0,00465182","False","130,594","131,2015","44,2919","0,206","worthwhile","-14,15","-13,94","-0,2089","0,3177","-1,1852","4","stop"
"tr_4bea28b3f3ea","3","2023-02-10T03:00:00+00:00","2023-02-10T09:00:00+00:00","long","long","4","3","2","1","0,014857","0,01","0,00415517","6","7","0,01131017","-0,905909","0,00222345","0,00105765","0,01088452","0,00125843","2","2,5","0,00554737","False","131,83","131,0987","44,3847","0,2462","bad","-16,99","-16,78","-0,2514","0,0","-1,9841","6","stop"
"tr_4375e08f78a0","3","2023-02-10T10:00:00+00:00","2023-02-10T19:00:00+00:00","short","short","4","10","2","-1","0,034333","-0,017238","-0,00773993","0","1","0,01182838","-0,351127","0,00237969","-0,00356717","0,01182838","0,00226565","2","4,171652","0,00993571","False","130,338","131,633","14,8322","0,1474","bad","-9,05","-8,98","-0,1342","0,0517","-0,9544","9","gann_state_exit"
"tr_b338c8b4823c","3","2023-02-13T03:00:00+00:00","2023-02-14T05:00:00+00:00","long","long","0","3","2","1","-0,001952","-0,007714","0,00495976","8","9","0,01582408","-0,491275","0,00285936","-0,00015184","0,01526219","0,00241674","2","2,5","0,00713825","False","131,885","130,9436","29,7042","0,212","worthwhile","3,98","4,12","0,0591","1,0909","-0,2443","26","gann_state_exit"
"tr_f60be3d20244","3","2023-02-14T17:00:00+00:00","2023-02-16T12:00:00+00:00","long","long","1","17","2","1","0,019905","-0,017714","0,00520535","0","1","0,0122948","-0,577951","0,00225505","0,00179621","0,0122948","0,00124884","2","2,69265","0,00606407","False","132,914","132,108","29,6867","0,18","worthwhile","14,19","14,33","0,2106","1,794","-0,4566","43","gann_state_exit"
"tr_fe97637ba263","3","2023-02-16T16:00:00+00:00","2023-02-16T19:00:00+00:00","long","long","3","16","2","1","0,000476","-0,01381","0,00302779","0","1","0,01037508","-0,444739","0,00160771","-0,0002085","0,00562325","0,00102627","2","2,5","0,00401634","False","134,362","133,8224","59,2486","0,238","bad","-16,47","-16,19","-0,244","0,1631","-1,0414","3","stop"
"tr_7f96187cd8fd","3","2023-02-17T03:00:00+00:00","2023-02-17T20:00:00+00:00","long","long","4","3","2","1","0,024","0,019524","0,00305534","1","2","0,00639908","-0,928222","0,00181377","0,00292874","0,00639908","0,00098818","4","2,5","0,00452672","False","134,466","133,8573","44,5451","0,2016","worthwhile","-4,72","-4,51","-0,0701","1,0547","-0,6473","17","gann_state_exit"
"tr_311fa62a5db7","3","2023-02-24T13:00:00+00:00","2023-02-27T18:00:00+00:00","long","long","4","13","2","1","-0,008571","0,007048","0,00407943","2","3","0,00966909","-0,745585","0,00191501","0,00220202","0,00919562","0,00105251","2","2,5","0,00478062","False","135,368","134,7209","44,5763","0,2131","worthwhile","15,31","15,52","0,2275","1,8481","-0,2828","29","gann_state_exit"
"tr_400fc8e1fc7b","3","2023-02-28T09:00:00+00:00","2023-02-28T17:00:00+00:00","long","long","1","9","2","1","-0,003095","-0,002048","0,00144915","7","8","0,00475296","-1,428401","0,00117078","0,00029348","0,00387278","0,00065607","2","2,5","0,00292201","False","136,566","136,167","74,1252","0,2166","worthwhile","-15,08","-14,73","-0,2235","0,8821","-1,0149","8","stop"
"tr_4e82afbc8583","3","2023-03-03T13:00:00+00:00","2023-03-06T14:00:00+00:00","short","short","4","13","3","-1","-0,036429","-0,026","-0,00333087","4","5","0,00721351","-1,236163","0,00149002","-0,00260562","0,00693466","0,00086192","1","2,5","0,00373197","False","136,019","136,5266","59,4331","0,2218","worthwhile","-4,66","-4,38","-0,0692","1,2923","-0,788","25","gann_state_exit"
"tr_14f1da571558","3","2023-03-07T14:00:00+00:00","2023-03-08T18:00:00+00:00","long","long","1","14","3","1","0,004714","0,007619","0,00143266","0","1","0,00609362","-0,870588","0,0012496","0,00068407","0,00466761","0,00065962","2","2,5","0,00312055","False","136,194","135,769","74,3428","0,232","worthwhile","24,67","25,02","0,3668","4,0424","-0,3624","28","gann_state_exit"
"tr_62c9c7c985e3","3","2023-03-10T17:00:00+00:00","2023-03-14T07:00:00+00:00","short","short","4","17","3","-1","-0,005524","-0,068952","-0,01299228","0","1","0,01656889","2,390184","0,00304402","-0,00897451","0,01656889","0,00304522","2","3,749739","0,0114148","True","134,825","136,364","14,8142","0,1691","worthwhile","7,66","7,73","0,1135","1,6504","-0,2326","38","gann_state_exit"
"tr_9405d3643abb","3","2023-03-15T15:00:00+00:00","2023-03-16T21:00:00+00:00","short","short","2","15","3","-1","-0,046714","-0,047238","-0,00710768","2","3","0,01440115","-1,548344","0,00242319","-0,00595544","0,01285844","0,00157963","1","2,518764","0,00612653","False","133,028","133,843","29,5949","0,1813","worthwhile","-9,91","-9,77","-0,1466","1,6074","-0,984","30","gann_state_exit"
"tr_12e67ff37fbb","3","2023-03-17T21:00:00+00:00","2023-03-20T03:00:00+00:00","short","short","4","21","3","-1","-0,070619","-0,068571","-0,00764136","11","12","0,01599007","-1,112016","0,00247826","-0,01118464","0,01460456","0,00141821","1","2,5","0,00621286","False","131,716","132,5343","29,6383","0,1841","bad","-12,52","-12,38","-0,1855","0,1173","-1,1218","6","stop"
"tr_458d0dbf1f56","3","2023-03-22T22:00:00+00:00","2023-03-23T18:00:00+00:00","short","short","2","22","3","-1","-0,000762","-0,067429","-0,00944641","0","1","0,01510505","1,231068","0,00233035","-0,0070347","0,01510505","0,00202093","1","3,445032","0,00802867","True","131,404","132,459","29,6934","0,2384","worthwhile","2,18","2,32","0,0323","0,9346","-0,2445","20","gann_state_exit"
"tr_4fd30b6c0b49","3","2023-03-23T22:00:00+00:00","2023-03-24T21:00:00+00:00","short","short","3","22","3","-1","-0,026238","-0,041571","-0,00412926","2","3","0,019759","-0,655653","0,0024053","-0,00639714","0,00952352","0,00142207","2","2,5","0,00602285","False","130,416","131,2015","29,6838","0,1788","worthwhile","-4,52","-4,38","-0,067","0,9867","-0,6658","23","gann_state_exit"
"tr_7919f26d3fcc","3","2023-03-29T05:00:00+00:00","2023-03-30T12:00:00+00:00","long","long","2","5","3","1","0,046429","0,035762","0,00521024","2","3","0,01030567","-1,047009","0,00203397","0,00599861","0,00961356","0,0012805","1","2,5","0,00507405","False","131,763","131,0944","44,5556","0,2261","worthwhile","17,33","17,54","0,2574","1,6872","-0,3291","31","gann_state_exit"
"tr_1775d6acfddc","3","2023-03-30T13:00:00+00:00","2023-03-30T20:00:00+00:00","long","long","3","13","3","1","0,009095","0,017857","0,00203871","0","1","0,01480823","-0,593194","0,0016126","0,00296893","0,00529511","0,00084612","2","2,5","0,00402759","False","132,893","132,3578","59,255","0,2387","bad","-15,69","-15,41","-0,2324","0,1383","-0,9902","7","gann_state_exit"
"tr_a5ebca861131","3","2023-03-31T02:00:00+00:00","2023-03-31T21:00:00+00:00","long","long","4","2","3","1","0,003571","-0,00181","0,00292626","0","1","0,00586292","-0,448366","0,00164501","0,00156036","0,00573497","0,00102525","4","2,5","0,00410944","False","132,969","132,4226","59,393","0,2441","worthwhile","-1,0","-0,72","-0,0149","1,1493","-0,5051","19","gann_state_exit"
"tr_24531053dc8f","3","2023-04-03T09:00:00+00:00","2023-04-03T14:00:00+00:00","long","long","0","9","4","1","-0,000429","0,02519","0,00375608","8","9","0,00758138","-0,397364","0,00211153","0,00065218","0,00725175","0,00137307","2","2,5","0,00527431","False","133,599","132,8944","44,5514","0,235","bad","-16,16","-15,95","-0,24","0,1093","-1,036","5","stop"
"tr_e5ea08c688fe","3","2023-04-03T17:00:00+00:00","2023-04-04T11:00:00+00:00","short","short","0","17","4","-1","0,012429","0,002857","-0,00343006","2","3","0,00853536","-0,894812","0,00201037","-0,00066192","0,00853536","0,00146044","2","2,5","0,00503505","False","132,618","133,2857","44,6585","0,2249","worthwhile","-0,26","-0,05","-0,0038","0,6709","-0,5436","18","gann_state_exit"
"tr_e06179f8244d","3","2023-04-04T18:00:00+00:00","2023-04-06T12:00:00+00:00","short","short","1","18","4","-1","0,006381","-0,033524","-0,00719733","0","1","0,01588433","1,226434","0,00211531","-0,00401182","0,01143915","0,00179941","4","3,152152","0,00666798","True","131,824","132,703","29,7735","0,1985","worthwhile","5,96","6,1","0,0888","1,3572","-0,025","42","gann_state_exit"
"tr_a3b3197ef6b0","3","2023-04-06T17:00:00+00:00","2023-04-10T13:00:00+00:00","long","long","3","17","4","1","0,027524","0,022857","0,0049435","7","8","0,00901407","-0,223587","0,00176466","0,00536269","0,00790628","0,00085547","1","2,5","0,00440984","False","131,848","131,2666","44,6207","0,1968","worthwhile","6,94","7,15","0,1032","1,6356","-0,5538","44","gann_state_exit"
"tr_9e67519a2e93","3","2023-04-10T15:00:00+00:00","2023-04-11T13:00:00+00:00","long","long","0","15","4","1","0,03","0,008429","0,00486907","0","1","0,01011591","0,280921","0,00163437","0,00554008","0,00782026","0,00158144","2","2,901316","0,00474144","True","132,871","132,241","44,5747","0,2113","worthwhile","4,68","4,89","0,0696","1,5873","0,0","22","gann_state_exit"
"tr_a70ed5b7ae5f","3","2023-04-12T05:00:00+00:00","2023-04-12T15:00:00+00:00","long","long","2","5","4","1","0,009524","0,011714","0,00194302","11","12","0,00624177","-1,293166","0,0014758","0,00270157","0,00624177","0,00104763","2","2,5","0,00368242","False","133,873","133,38","59,3916","0,2187","worthwhile","-15,12","-14,84","-0,2246","0,3509","-2,3084","10","stop"
"tr_0d61d5cef37a","3","2023-04-12T16:00:00+00:00","2023-04-14T17:00:00+00:00","short","short","2","16","4","-1","0,011286","-0,036571","-0,00580098","0","1","0,00985418","-0,323077","0,00160532","-0,00510757","0,00985418","0,00136985","1","4,377926","0,00703171","False","132,969","133,904","29,7626","0,2093","worthwhile","-1,54","-1,4","-0,0229","1,015","-0,4631","49","gann_state_exit"
"tr_7ea1d22af97f","3","2023-04-14T17:00:00+00:00","2023-04-18T13:00:00+00:00","long","long","4","17","4","1","0,034429","0,027905","0,00465729","2","3","0,0103192","-1,505059","0,00169786","0,00359794","0,00788408","0,00108013","1","2,5","0,00423376","False","133,395","132,8302","44,6542","0,1891","worthwhile","15,29","15,5","0,2277","2,3249","0,0","44","gann_state_exit"
"tr_206cac577a19","3","2023-04-19T09:00:00+00:00","2023-04-19T16:00:00+00:00","long","long","2","9","4","1","0,008524","0,008333","0,00293949","4","5","0,0062778","-1,710873","0,00115646","0,0026251","0,00447777","0,00085954","1","2,547014","0,00293965","False","134,71","134,314","74,2546","0,2183","worthwhile","-15,17","-14,82","-0,2252","1,0758","-1,0505","7","stop"
"tr_2be0dfb016eb","3","2023-04-25T12:00:00+00:00","2023-04-26T21:00:00+00:00","short","short","1","12","4","-1","-0,023524","-0,025952","-0,0020402","1","2","0,00625587","-1,236926","0,00134427","-0,00289954","0,00559971","0,00090804","3","2,5","0,00336633","False","133,889","134,3397","59,5378","0,2004","worthwhile","3,76","4,04","0,0559","1,9325","-0,8054","33","gann_state_exit"
"tr_cfb6d2b81e6c","3","2023-04-27T16:00:00+00:00","2023-05-02T19:00:00+00:00","long","long","3","16","4","1","0,015333","-0,004905","0,00257438","0","1","0,00778181","-0,197115","0,00155337","0,00066511","0,0064002","0,00099558","2","3,567308","0,00553959","False","133,945","133,203","44,6284","0,2472","worthwhile","55,12","55,33","0,82","5,1617","-0,8019","75","reverse"
"tr_ddfe604ef293","3","2023-05-05T15:00:00+00:00","2023-05-09T11:00:00+00:00","long","long","4","15","5","1","-0,003095","0,01781","0,00190723","1","2","0,01026436","-3,301126","0,00141703","0,00361073","0,00637612","0,00068316","1","3,600751","0,00507855","False","134,881","134,196","44,2654","0,2248","worthwhile","-2,1","-1,89","-0,031","0,6467","-0,3752","44","gann_state_exit"
"tr_a805c96915d6","3","2023-05-09T16:00:00+00:00","2023-05-10T15:00:00+00:00","long","long","1","16","5","1","0,012286","0,00781","0,00224161","0","1","0,00504468","-0,702662","0,00138956","0,00357806","0,00494112","0,00099901","3","2,5","0,00347046","False","135,326","134,8564","59,0388","0,2049","worthwhile","-14,27","-13,99","-0,2106","0,3066","-2,0995","23","stop"
"tr_6d2b75c7c551","3","2023-05-10T16:00:00+00:00","2023-05-11T13:00:00+00:00","short","short","2","16","5","-1","0,010286","-0,032762","-0,00658817","0","1","0,00840749","1,749542","0,00135235","-0,00632855","0,00840749","0,00159847","1","5,617239","0,00759729","True","134,39","135,411","29,5817","0,2247","worthwhile","-4,77","-4,63","-0,0706","0,4858","-0,4437","21","gann_state_exit"
"tr_762dc29517eb","3","2023-05-11T15:00:00+00:00","2023-05-11T19:00:00+00:00","short","short","3","15","5","-1","-0,000571","-0,011381","-0,00195082","0","1","0,01174752","-1,349191","0,0014475","-0,00275781","0,00707385","0,00104569","2","3,604708","0,00522809","False","133,892","134,592","44,4039","0,2321","bad","-13,15","-12,94","-0,1946","0,1514","-0,9314","4","gann_state_exit"
"tr_c8adc7e28570","3","2023-05-16T17:00:00+00:00","2023-05-19T12:00:00+00:00","long","long","1","17","5","1","0,009286","0,002524","0,00282677","1","2","0,00492361","-0,298107","0,00110765","0,00149178","0,00483556","0,00066437","2","2,5","0,00276816","False","136,329","135,9516","88,981","0,2463","worthwhile","79,78","80,2","1,1832","6,41","-0,159","67","gann_state_exit"
"tr_b9b121bfb46d","3","2023-05-22T16:00:00+00:00","2023-05-22T17:00:00+00:00","long","long","0","16","5","1","-0,002667","0,036667","0,00473573","1","2","0,00891483","-1,176874","0,00145484","0,00456485","0,00723156","0,00100354","1","2,5","0,00363084","False","138,66","138,1565","58,627","0,2129","bad","-14,91","-14,63","-0,2186","0,0","-1,3249","1","stop"
"tr_c306b8675bed","3","2023-05-24T08:00:00+00:00","2023-05-24T10:00:00+00:00","short","short","2","8","5","-1","-0,005","0,002667","-0,0014342","1","2","0,00484753","-0,921098","0,00140393","0,00065061","0,00484753","0,00108979","2","2,5","0,00351442","False","138,24","138,7258","58,7554","0,2065","bad","-13,72","-13,44","-0,2015","0,0","-0,9345","2","gann_state_exit"
"tr_3cd7ce873534","3","2023-05-24T17:00:00+00:00","2023-05-26T12:00:00+00:00","long","long","2","17","5","1","0,001571","4,8E-05","0,00293045","1","2","0,0049194","-0,414038","0,00130471","0,0021727","0,00450885","0,00097127","4","2,5","0,00325996","False","138,915","138,4621","73,5926","0,2399","worthwhile","27,82","28,17","0,4094","2,9016","-0,2142","43","gann_state_exit"
"tr_a3d816e42e27","3","2023-05-26T16:00:00+00:00","2023-05-29T14:00:00+00:00","long","long","4","16","5","1","0,020381","-0,004381","0,00223209","0","1","0,0080598","-0,79176","0,00136149","0,00105767","0,0058396","0,00082876","2","3,188015","0,0043357","False","140,231","139,623","43,9755","0,1907","worthwhile","0,86","1,07","0,0126","1,1365","-0,3026","22","gann_state_exit"
"tr_4e94b495f163","3","2023-05-30T04:00:00+00:00","2023-05-30T08:00:00+00:00","short","short","1","4","5","-1","-0,005286","-0,01481","-0,00138624","0","1","0,00575516","-1,3125","0,00095087","-0,00134605","0,00376546","0,00062192","5","3,66","0,00348459","False","140,045","140,533","58,6266","0,2043","bad","-14,23","-13,95","-0,2085","0,1393","-1,3238","4","stop"
"tr_137070a74ac2","3","2023-05-30T09:00:00+00:00","2023-05-30T10:00:00+00:00","long","long","1","9","5","1","0,007286","0,000143","0,00315718","0","1","0,00681703","-1,69858","0,00102531","0,00301596","0,00517498","0,00088002","3","4,277649","0,00437825","False","140,924","140,307","44,0619","0,1929","bad","-13,45","-13,24","-0,1975","0,0","-1,3047","1","stop"
"tr_dba675800e25","3","2023-05-30T14:00:00+00:00","2023-05-31T14:00:00+00:00","short","short","1","14","5","-1","0,002952","-0,004095","-0,00216978","2","3","0,00691511","-0,812236","0,00144969","-0,00109779","0,00691511","0,00102372","4","2,5","0,00362856","False","139,961","140,4689","58,8654","0,2136","worthwhile","-1,34","-1,06","-0,0197","1,274","-0,2993","24","gann_state_exit"
"tr_bc538a9e928a","3","2023-05-31T21:00:00+00:00","2023-06-01T11:00:00+00:00","short","short","2","21","5","-1","-0,002619","-0,018905","-0,00348197","4","5","0,00957593","-0,360294","0,00195105","-0,00266838","0,00786159","0,0011993","2","2,5","0,00488113","False","139,312","139,992","44,1578","0,2155","worthwhile","-13,35","-13,14","-0,1965","0,5147","-0,9368","14","gann_state_exit"
"tr_03b8e39a46ba","3","2023-06-01T16:00:00+00:00","2023-06-02T17:00:00+00:00","short","short","3","16","6","-1","-0,000857","-0,023476","-0,00351806","1","2","0,01040836","-0,654037","0,00172548","-0,00437272","0,00709465","0,00110833","2","3,682603","0,00636154","False","138,96","139,844","29,4965","0,1876","worthwhile","-6,74","-6,6","-0,0994","0,595","-0,6018","25","gann_state_exit"
"tr_d27a571394ca","3","2023-06-07T17:00:00+00:00","2023-06-07T18:00:00+00:00","short","short","2","17","6","-1","-0,005762","-0,026286","-0,00332348","-1","1","0,00696132","0,253866","0,00121809","-0,00472394","0,00525695","0,00104536","3","3,294349","0,00401309","True","139,045","139,603","59,0517","0,237","bad","-20,15","-19,87","-0,2974","0,0","-1,8029","1","stop"
"tr_5395082c2faa","3","2023-06-07T18:00:00+00:00","2023-06-08T13:00:00+00:00","long","long","2","18","6","1","-0,001143","-0,029095","0,00292952","0","1","0,00692779","-1,353041","0,00141228","0,00050839","0,00505987","0,00150179","4","4,875","0,00687162","False","139,996","139,034","29,6139","0,2035","worthwhile","-2,96","-2,82","-0,0438","0,263","-0,3846","19","gann_state_exit"
"tr_f7c3d7984346","3","2023-06-08T16:00:00+00:00","2023-06-09T11:00:00+00:00","short","short","3","16","6","-1","-0,01419","-0,024048","-0,00422874","5","6","0,00877206","-2,147975","0,00131565","-0,00547836","0,00739492","0,00068814","1","3,974299","0,0052437","False","139,024","139,753","44,4404","0,233","worthwhile","-11,97","-11,76","-0,1773","0,3594","-0,7942","19","gann_state_exit"
"tr_ea92df554829","3","2023-06-12T17:00:00+00:00","2023-06-13T09:00:00+00:00","long","long","0","17","6","1","0,01619","-0,004571","0,00256714","0","1","0,00511245","-0,363208","0,00130113","0,00239727","0,00485468","0,00104515","2","2,988208","0,00388615","False","139,727","139,184","59,3591","0,2307","bad","-7,56","-7,28","-0,1123","0,0755","-0,7348","16","gann_state_exit"
"tr_e983a7ff3599","3","2023-06-13T15:00:00+00:00","2023-06-13T16:00:00+00:00","long","long","1","15","6","1","-0,00381","-0,002762","0,00023483","-1","6","0,00504602","-1,817308","0,00099391","-0,00146006","0,00315376","0,00057272","2","2,5","0,00248027","False","139,77","139,4233","89,1386","0,2211","bad","-27,07","-26,65","-0,4021","0,0058","-2,1894","1","stop"
"tr_dbdc24c8831d","3","2023-06-13T16:00:00+00:00","2023-06-13T17:00:00+00:00","short","short","1","16","6","-1","0,009571","-0,022095","-0,00343746","-1","1","0,00643177","-0,522505","0,00122407","-0,00403673","0,00643177","0,00081637","3","5,113503","0,00626339","False","139,062","139,933","29,8328","0,1869","bad","-12,62","-12,48","-0,1882","0,0","-1,0138","1","stop"
"tr_57daa7469154","3","2023-06-13T17:00:00+00:00","2023-06-14T15:00:00+00:00","long","long","1","17","6","1","0,000524","-0,030714","0,00234385","0","1","0,00659712","-0,868179","0,00144229","0,00086653","0,00659712","0,00126302","4","4,583983","0,00660307","False","139,935","139,011","29,8891","0,1974","worthwhile","0,46","0,6","0,0069","0,4015","-0,1742","22","gann_state_exit"
"tr_dcf840b00d9c","3","2023-06-15T03:00:00+00:00","2023-06-15T20:00:00+00:00","long","long","3","3","6","1","-0,001143","-0,004143","0,00162384","3","4","0,00730167","-1,5865","0,00152212","-0,0002857","0,00657293","0,0009601","2","2,5","0,00379607","False","140,308","139,7754","59,7741","0,2269","worthwhile","0,06","0,34","0,0009","2,2436","-0,291","17","gann_state_exit"
"tr_67e50034b608","3","2023-06-16T17:00:00+00:00","2023-06-20T13:00:00+00:00","long","long","4","17","6","1","0,04481","0,043571","0,00572328","8","9","0,01168759","-0,874247","0,00195956","0,00657698","0,0112416","0,00148933","1","2,5","0,00489045","False","141,505","140,813","44,8302","0,2192","worthwhile","2,65","2,86","0,0396","1,0823","-0,1517","44","gann_state_exit"
"tr_d45894c703d0","3","2023-06-22T16:00:00+00:00","2023-06-26T11:00:00+00:00","long","long","3","16","6","1","0,006714","-0,008238","0,00351882","4","5","0,00553985","-0,660045","0,0013314","0,00214178","0,0044361","0,00071548","2","3,178778","0,00422845","False","142,369","141,767","44,8124","0,1895","worthwhile","16,87","17,08","0,2519","2,5","-0,1163","43","gann_state_exit"
"tr_71864442fcb3","3","2023-06-29T16:00:00+00:00","2023-06-30T16:00:00+00:00","long","long","3","16","6","1","0,012905","-0,001095","0,0035382","0","1","0,00681691","0,468957","0,00134023","0,00418216","0,00473799","0,00108943","2","3,293006","0,00441304","True","144,798","144,159","44,6998","0,1973","worthwhile","-7,19","-6,98","-0,1071","0,4288","-0,7136","24","gann_state_exit"
"tr_0da0a7613ecb","3","2023-07-03T17:00:00+00:00","2023-07-03T19:00:00+00:00","short","short","0","17","7","-1","0,00419","0,001238","-0,00137453","0","1","0,00491011","-1,105873","0,00119612","0,00054741","0,0047716","0,00085043","2","2,512821","0,00300965","False","144,203","144,637","74,5796","0,2245","bad","-15,42","-15,07","-0,23","0,0","-1,1475","2","stop"
"tr_5043b20e8d06","3","2023-07-05T16:00:00+00:00","2023-07-05T19:00:00+00:00","short","short","2","16","7","-1","0,005048","-0,000429","-0,00100282","4","5","0,00367721","-1,395749","0,00097742","-0,00076809","0,00367028","0,0006785","2","2,805668","0,00274611","False","144,204","144,6","89,7018","0,2463","worthwhile","-15,65","-15,23","-0,234","0,3106","-0,9571","3","gann_state_exit"
"tr_6fec42bf7dca","3","2023-07-06T07:00:00+00:00","2023-07-06T17:00:00+00:00","short","short","3","7","7","-1","-0,021476","-0,020333","-0,00217573","3","4","0,00454823","-0,793941","0,00131864","-0,001523","0,00454823","0,00101488","3","2,5","0,00330011","False","144,079","144,5545","74,9268","0,2473","worthwhile","-16,87","-16,52","-0,2527","1,0999","-1,2093","10","stop"
"tr_12b3d9293839","3","2023-07-10T15:00:00+00:00","2023-07-14T12:00:00+00:00","short","short","0","15","7","-1","-0,012619","0,001143","-0,00251106","4","5","0,01407836","-0,283914","0,00146208","-0,00061876","0,0065502","0,00116338","2","2,5","0,00365676","False","142,072","142,5915","60,0934","0,2197","worthwhile","108,04","108,32","1,6232","9,2893","-0,666","93","gann_state_exit"
"tr_bc11fcf014f3","3","2023-07-14T16:00:00+00:00","2023-07-17T12:00:00+00:00","long","long","4","16","7","1","0,03019","0,020571","0,00640675","6","7","0,01228413","-0,563808","0,00196793","0,00528001","0,01201035","0,00138771","1","2,5","0,0049143","False","138,953","138,2701","44,3502","0,218","worthwhile","-12,07","-11,86","-0,1784","0,2929","-0,9387","20","gann_state_exit"
"tr_6d0c685c8cfe","3","2023-07-17T16:00:00+00:00","2023-07-18T08:00:00+00:00","long","long","0","16","7","1","0,015762","-0,004476","0,00320426","0","1","0,01284894","-1,002066","0,00165938","0,00184616","0,00786772","0,00140698","2","3,669903","0,00607955","False","139,155","138,309","29,6196","0,1801","bad","-10,16","-10,02","-0,1505","0,052","-0,9113","16","gann_state_exit"
"tr_f06f4d270f9c","3","2023-07-18T15:00:00+00:00","2023-07-18T16:00:00+00:00","short","short","1","15","7","-1","-0,037952","-0,036524","-0,00288377","7","8","0,01018239","-1,49001","0,00134443","-0,00467868","0,00795499","0,00065377","1","2,5","0,00336786","False","137,999","138,4638","74,1606","0,2498","worthwhile","-17,2","-16,85","-0,2552","0,4002","-1,9171","1","stop"
"tr_0da23f603f5a","3","2023-07-20T17:00:00+00:00","2023-07-24T10:00:00+00:00","long","long","3","17","7","1","0,007905","0,01081","0,00329728","1","2","0,00633445","-0,580861","0,00152625","0,0020633","0,00618431","0,00091461","2","2,5","0,00381218","False","139,996","139,4623","59,4803","0,2267","worthwhile","41,68","41,96","0,6197","3,6688","-0,4609","41","gann_state_exit"
"tr_e47ec99303fe","3","2023-07-27T17:00:00+00:00","2023-07-27T20:00:00+00:00","long","long","3","17","7","1","0,009714","0,008381","0,00528871","1","2","0,01220535","-1,362197","0,00218003","0,00155829","0,01047898","0,00180406","1","2,5","0,00543387","False","141,178","140,4109","44,3354","0,2409","bad","-16,64","-16,43","-0,246","0,1095","-2,5745","3","stop"
"tr_e784da043d96","3","2023-07-27T21:00:00+00:00","2023-07-28T18:00:00+00:00","short","short","3","21","7","-1","0,034667","-0,047524","-0,00710241","0","1","0,01516531","-0,225578","0,00270186","-0,00525678","0,01516531","0,00311667","2","4,569948","0,01235507","False","139,376","141,098","14,8149","0,183","worthwhile","-6,91","-6,84","-0,1024","0,7625","-0,9907","21","gann_state_exit"
"tr_1139042d5a57","3","2023-08-03T18:00:00+00:00","2023-08-04T14:00:00+00:00","short","short","3","18","8","-1","-0,017333","-0,036905","-0,00714128","7","8","0,01165863","-0,237433","0,00192386","-0,0067636","0,0112932","0,00170527","1","2,5","0,00481192","False","142,231","142,9154","44,4903","0,2141","bad","-11,85","-11,64","-0,1757","0,0","-0,9497","20","gann_state_exit"
"tr_5949a7459223","3","2023-08-04T16:00:00+00:00","2023-08-07T11:00:00+00:00","short","short","4","16","8","-1","0,020619","0,00381","-0,00317826","0","1","0,01284395","-0,836856","0,0015205","-0,00190853","0,00527256","0,0009489","2","3,846764","0,00585656","False","142,063","142,895","29,7124","0,174","worthwhile","-1,1","-0,96","-0,0163","0,6599","-0,3486","19","gann_state_exit"
"tr_a0d3f83df7a0","3","2023-08-09T15:00:00+00:00","2023-08-15T19:00:00+00:00","long","long","2","15","8","1","0,010857","0,014381","0,00162503","1","2","0,00454542","-0,347107","0,0010444","0,00180889","0,00343695","0,00059823","2","2,5","0,00261001","False","143,495","143,1205","89,1517","0,2327","worthwhile","78,07","78,49","1,16","6,3307","-0,6702","100","gann_state_exit"
"tr_728c7908cd87","3","2023-08-16T15:00:00+00:00","2023-08-17T16:00:00+00:00","long","long","2","15","8","1","0,016952","0,023905","0,00208752","1","2","0,00521391","-0,747122","0,00093661","0,00251723","0,00439066","0,00056239","3","2,5","0,00233985","False","145,868","145,5267","88,1294","0,2062","worthwhile","-3,51","-3,09","-0,0515","2,0216","-0,6241","25","gann_state_exit"
"tr_9cee8f358dc2","3","2023-08-24T15:00:00+00:00","2023-08-28T21:00:00+00:00","long","long","3","15","8","1","0,032619","0,03681","0,00524538","7","8","0,00838248","-1,570475","0,00117592","0,00714246","0,00783326","0,0008315","1","3,065054","0,00359757","False","145,932","145,407","58,7832","0,2115","worthwhile","14,41","14,69","0,2118","1,5467","-0,9524","54","gann_state_exit"
"tr_aedb98996688","3","2023-08-29T13:00:00+00:00","2023-08-29T17:00:00+00:00","long","long","1","13","8","1","-0,000381","0,004048","0,00095274","0","1","0,00320721","-1,522404","0,00089197","-4,776E-05","0,00296837","0,00055118","2","2,5","0,00222688","False","146,746","146,4192","87,9885","0,1959","worthwhile","-13,89","-13,47","-0,2037","1,9248","-1,732","4","stop"
"tr_10651a76cbe8","3","2023-08-29T18:00:00+00:00","2023-08-30T13:00:00+00:00","short","short","1","18","8","-1","0,026476","-0,013429","-0,00221185","0","1","0,00816631","-0,330753","0,00121901","-0,00127628","0,00816631","0,00143062","2","4,843566","0,0059068","False","146,272","147,136","29,3894","0,1736","worthwhile","-1,18","-1,04","-0,0173","0,6991","-0,3067","19","gann_state_exit"
"tr_ca429f7fe6fc","3","2023-08-30T16:00:00+00:00","2023-08-30T23:00:00+00:00","short","short","2","16","8","-1","-0,000286","-0,001667","-0,00218652","0","1","0,01170204","-1,078278","0,00129696","-0,00030154","0,00595728","0,00096226","2","3,710546","0,00481924","False","145,666","146,368","44,0917","0,2125","bad","-12,84","-12,63","-0,1888","0,1111","-0,8946","7","gann_state_exit"
"tr_bd32809a9482","3","2023-08-31T18:00:00+00:00","2023-09-01T18:00:00+00:00","short","short","3","18","8","-1","-0,001714","-0,020857","-0,0033342","0","1","0,00684729","-0,2251","0,0014645","-0,00394713","0,00517839","0,0011117","4","2,865342","0,00419773","False","145,555","146,166","58,9001","0,2472","worthwhile","-17,06","-16,78","-0,2511","1,8265","-1,0884","24","stop"
"tr_c37731da5f0c","3","2023-09-01T18:00:00+00:00","2023-09-06T11:00:00+00:00","long","long","4","18","9","1","0,024905","4,8E-05","0,00475271","0","1","0,01222502","-0,910429","0,00159478","0,00403644","0,01114292","0,00166733","1","3,439877","0,00547782","False","146,226","145,425","44,2863","0,2426","worthwhile","23,12","23,33","0,3413","1,9875","-0,2522","65","gann_state_exit"
"tr_c74f22ab14c1","3","2023-09-07T03:00:00+00:00","2023-09-07T11:00:00+00:00","long","long","3","3","9","1","0,002571","0,005429","0,00217855","9","10","0,00542253","-0,548629","0,00124627","0,00102327","0,00493511","0,00106434","2","2,5","0,0031135","False","147,82","147,3598","73,5595","0,229","bad","-13,37","-13,02","-0,1967","0,0","-0,8843","8","gann_state_exit"
"tr_a999d9f7c0b7","3","2023-09-08T22:00:00+00:00","2023-09-11T00:00:00+00:00","long","long","4","22","9","1","0,025238","0,023429","0,00375892","11","12","0,00845589","-0,237065","0,00136969","0,00366634","0,00845589","0,00092611","1","2,5","0,00342307","False","147,876","147,3698","58,9636","0,2018","bad","-24,66","-24,38","-0,3636","0,0","-2,4813","2","stop"
"tr_d7b4aa8a8359","3","2023-09-11T05:00:00+00:00","2023-09-12T05:00:00+00:00","short","short","0","5","9","-1","-0,009381","-0,017","-0,00392812","4","5","0,00873981","-1,349036","0,00166505","-0,00154274","0,00849477","0,00173863","2","2,5","0,00417205","False","146,582","147,1935","59,1787","0,2469","worthwhile","-0,12","0,16","-0,0017","1,1152","-0,6606","24","gann_state_exit"
"tr_e4fc6729b9c1","3","2023-09-14T18:00:00+00:00","2023-09-14T20:00:00+00:00","short","short","3","18","9","-1","0,004238","-0,006143","-0,00146196","0","1","0,00486651","-0,675774","0,00106613","-0,00217026","0,00368387","0,00062463","3","2,715847","0,00289756","False","147,02","147,446","73,9747","0,2143","bad","-14,86","-14,51","-0,2199","0,0","-1,108","2","stop"
"tr_97fa8e00bde5","3","2023-09-19T00:00:00+00:00","2023-09-19T07:00:00+00:00","short","short","1","0","9","-1","-0,012048","-0,011429","-0,00086042","1","2","0,00265579","-0,435233","0,00068492","-0,00077175","0,00216799","0,00040351","3","2,5","0,00171283","False","147,556","147,8087","88,9652","0,1524","bad","-9,27","-8,85","-0,1375","0,1899","-0,8784","7","gann_state_exit"
"tr_1ab1e0eb3cb8","3","2023-09-19T09:00:00+00:00","2023-09-19T10:00:00+00:00","long","long","1","9","9","1","0,002476","0,005286","0,00116125","4","5","0,00261185","-1,076164","0,00068534","0,00122623","0,0020164","0,00037849","3","2,5","0,00171208","False","147,899","147,6458","89,0877","0,1525","bad","-10,79","-10,37","-0,1602","0,0","-1,0228","1","stop"
"tr_fa90be847be5","3","2023-09-20T22:00:00+00:00","2023-09-21T16:00:00+00:00","long","long","2","22","9","1","0,012095","-0,008238","0,00181289","0","1","0,00468199","-1,009425","0,00102403","0,00165799","0,00468199","0,00084875","2","4,189444","0,00428565","False","148,169","147,534","44,6153","0,1912","worthwhile","-4,59","-4,38","-0,0683","0,4551","-0,7417","18","gann_state_exit"
"tr_a4d348e689b4","3","2023-09-21T17:00:00+00:00","2023-09-22T05:00:00+00:00","short","short","3","17","9","-1","0,011143","0,01319","-0,00248988","3","4","0,00665427","-2,168126","0,00125073","0,00182921","0,00665427","0,00108821","2","2,757467","0,00345828","False","147,472","147,982","59,5277","0,2059","worthwhile","-14,12","-13,84","-0,2101","0,2941","-1,3667","12","stop"
"tr_99c9a464972a","3","2023-09-29T09:00:00+00:00","2023-09-29T21:00:00+00:00","short","short","4","9","9","-1","-0,001952","-0,006857","-0,00149529","0","1","0,00347262","-0,115455","0,00104517","-0,00066994","0,00238659","0,00065399","2","2,5","0,00261327","False","149,147","149,5368","89,4796","0,2338","worthwhile","-12,78","-12,36","-0,1907","1,583","-0,8749","12","gann_state_exit"
"tr_86150420b12a","3","2023-10-02T00:00:00+00:00","2023-10-03T12:00:00+00:00","long","long","0","0","9","1","0,003667","0,004476","0,00149138","5","6","0,00652089","-0,702716","0,00131476","-0,00012049","0,00652089","0,0008468","3","2,5","0,00328155","True","149,61","149,119","74,7087","0,2452","worthwhile","6,56","6,91","0,098","0,664","-0,4501","36","gann_state_exit"
"tr_d057123baf83","3","2023-10-03T14:00:00+00:00","2023-10-03T17:00:00+00:00","long","long","1","14","10","1","0,00281","0,003381","0,00072565","0","1","0,00252198","-0,569563","0,00063256","0,00024692","0,00188815","0,00033752","2","2,5","0,00158081","False","149,938","149,701","89,5627","0,1416","worthwhile","-10,0","-9,58","-0,1493","0,9408","-11,2352","3","stop"
"tr_dc2c03eaf8ea","3","2023-10-03T18:00:00+00:00","2023-10-05T13:00:00+00:00","short","short","1","18","10","-1","0,016143","-0,117571","-0,00572626","0","1","0,01936315","2,272189","0,00151184","-0,00470117","0,01936315","0,00131607","3","4,952663","0,00748767","True","149,045","150,161","29,8989","0,2239","worthwhile","0,81","0,95","0,0122","0,7043","-0,2428","43","gann_state_exit"
"tr_fa97d15f16eb","3","2023-10-06T15:00:00+00:00","2023-10-09T15:00:00+00:00","long","long","4","15","10","1","0,01481","0,022286","0,00316097","7","8","0,00556189","-0,613516","0,00090765","0,00374426","0,00528682","0,00053019","1","2,5","0,00226784","False","149,135","148,7968","89,6857","0,2034","worthwhile","0,34","0,76","0,0051","0,9609","-0,4346","24","gann_state_exit"
"tr_52326823ffb1","3","2023-10-11T17:00:00+00:00","2023-10-13T15:00:00+00:00","long","long","2","17","10","1","0,017","0,013524","0,00198583","2","3","0,0045247","-0,936349","0,0009894","0,0012906","0,00434345","0,0004514","3","2,5","0,00247118","False","149,1","148,7315","89,6811","0,2216","worthwhile","20,03","20,45","0,2994","1,9813","-0,3908","46","gann_state_exit"
"tr_dbb793c20f65","3","2023-10-17T16:00:00+00:00","2023-10-18T17:00:00+00:00","long","long","1","16","10","1","0,007048","-0,004857","0,00193752","0","1","0,00660328","0,086538","0,00092584","0,00127688","0,00660328","0,0005834","2","2,5","0,00231435","True","149,79","149,4433","89,4134","0,2069","bad","-3,55","-3,13","-0,0528","0,1788","-0,8712","25","gann_state_exit"
"tr_6fcaf0376a84","3","2023-10-18T18:00:00+00:00","2023-10-19T22:00:00+00:00","long","long","2","18","10","1","0,001619","-0,003905","0,00070831","0","1","0,00721696","-0,709677","0,00062089","2,003E-05","0,00265712","0,00023994","2","2,5","0,00155151","False","149,854","149,6215","89,4608","0,1388","worthwhile","-0,5","-0,08","-0,0075","0,4645","-0,8129","28","gann_state_exit"
"tr_2625bfdc0e95","3","2023-10-20T10:00:00+00:00","2023-10-20T11:00:00+00:00","long","long","4","10","10","1","0,003429","0,001","0,00079451","5","6","0,00198135","-0,652111","0,00065473","0,00062749","0,00192131","0,00042543","2","2,5","0,00163611","False","149,964","149,7186","89,4674","0,1464","bad","-10,33","-9,91","-0,1541","0,1182","-1,2838","1","stop"
"tr_ea13cb2a48ef","3","2023-10-23T12:00:00+00:00","2023-10-23T18:00:00+00:00","long","long","0","12","10","1","-0,000762","-0,002333","0,00062787","6","7","0,00229424","-0,737838","0,00047003","-0,00015337","0,00182739","0,00019511","2","2,5","0,00117464","False","149,995","149,8188","89,6055","0,1053","bad","-7,56","-7,14","-0,1128","0,0","-1,4473","6","stop"
"tr_6c6038331a93","3","2023-10-27T15:00:00+00:00","2023-10-30T17:00:00+00:00","short","short","4","15","10","-1","-0,014429","-0,008857","-0,0015591","9","10","0,00596987","-1,897488","0,00078304","-0,0023995","0,00353129","0,00035322","1","2,5","0,00196053","False","149,862","150,1558","89,7067","0,1759","worthwhile","3,11","3,53","0,0464","1,9741","-0,1532","26","gann_state_exit"
"tr_731624770348","3","2023-10-30T18:00:00+00:00","2023-10-31T06:00:00+00:00","short","short","0","18","10","-1","0,005905","-0,022238","-0,00410339","0","1","0,00829717","1,221659","0,00107064","-0,00284258","0,00543307","0,00113189","2","4,266408","0,0045678","True","149,087","149,768","44,8325","0,2048","bad","-13,89","-13,68","-0,2076","0,1938","-1,4919","12","stop"
"tr_9f85e5d64146","3","2023-10-31T06:00:00+00:00","2023-11-01T16:00:00+00:00","long","long","1","6","10","1","-0,004476","-0,007048","0,00130994","1","2","0,00703278","-2,252538","0,00122391","-1,338E-05","0,00703278","0,001158","3","2,5","0,00305132","False","149,857","149,3997","74,8763","0,2285","worthwhile","43,41","43,76","0,65","4,0589","-0,0022","34","gann_state_exit"
"tr_333b717409aa","3","2023-11-03T15:00:00+00:00","2023-11-06T12:00:00+00:00","short","short","4","15","11","-1","-0,009048","-0,003619","-0,00167828","7","8","0,00490738","-3,16129","0,00070771","-0,00201349","0,00263014","0,00038354","2","3,603495","0,00255599","False","149,844","150,227","89,2712","0,2282","worthwhile","5,91","6,33","0,088","1,6971","0,0","21","gann_state_exit"
"tr_d429ab1011ae","3","2023-11-14T16:00:00+00:00","2023-11-15T18:00:00+00:00","short","short","1","16","11","-1","0,002095","-0,033238","-0,00473308","0","1","0,00737067","1,669525","0,00080919","-0,00417444","0,00654287","0,00104998","2","6,007015","0,00486086","True","151,002","151,736","44,5964","0,2168","worthwhile","1,5","1,71","0,0223","1,3011","-0,3283","26","gann_state_exit"
"tr_78c9ee775bcd","3","2023-11-27T04:00:00+00:00","2023-11-28T13:00:00+00:00","short","short","0","4","11","-1","0,001762","-0,013333","-0,00300158","0","1","0,00440608","0,596864","0,00097753","-0,00096479","0,00414454","0,00073157","4","2,950016","0,00288378","True","149,11","149,54","74,3108","0,2143","worthwhile","16,07","16,42","0,2388","2,6488","-0,5093","33","gann_state_exit"
"tr_14eeff3ab79f","3","2023-11-28T17:00:00+00:00","2023-11-29T15:00:00+00:00","short","short","1","17","11","-1","-0,02281","-0,033619","-0,00206932","1","2","0,00915921","-1,239248","0,00160554","-0,00356192","0,00676487","0,00088264","2","2,5","0,00402192","False","147,969","148,5641","59,307","0,2385","worthwhile","9,15","9,43","0,1357","2,1828","0,0","22","gann_state_exit"
"tr_b6b3e5fdd3e7","3","2023-11-30T16:00:00+00:00","2023-12-01T14:00:00+00:00","long","long","3","16","11","1","0,02019","-0,002857","0,00534743","4","5","0,00721502","-0,089069","0,00167021","0,00421007","0,0071474","0,00085731","2","2,854251","0,00476641","False","147,91","147,205","44,42","0,2117","worthwhile","4,29","4,5","0,0635","0,7404","-0,4284","22","gann_state_exit"
"tr_633f1f3802aa","3","2023-12-01T18:00:00+00:00","2023-12-04T20:00:00+00:00","short","short","4","18","12","-1","-0,01381","-0,033524","-0,0038627","0","1","0,01113897","-2,876821","0,00170517","-0,00419669","0,00684328","0,00128215","3","4,430464","0,00759206","False","146,864","147,979","29,5945","0,2247","worthwhile","-5,55","-5,41","-0,0821","0,5722","-0,3534","26","gann_state_exit"
"tr_b4b4c5b4dd35","3","2023-12-06T12:00:00+00:00","2023-12-06T18:00:00+00:00","long","long","2","12","12","1","0,008286","0,00319","0,00185052","0","1","0,00572224","-0,337523","0,00156866","0,00356958","0,00572224","0,00092332","3","2,5","0,00391953","False","147,4","146,8223","59,2377","0,2322","bad","-5,23","-4,95","-0,0774","0,1731","-0,6906","6","gann_state_exit"
"tr_71aa015e48f9","3","2023-12-07T07:00:00+00:00","2023-12-08T14:00:00+00:00","short","short","3","7","12","-1","-0,013381","-0,010476","-0,00364835","4","5","0,00551342","-0,93217","0,00130136","-0,00324704","0,00551342","0,00064504","4","2,5","0,00325739","False","146,553","147,0304","74,1045","0,2414","worthwhile","72,23","72,58","1,0706","10,3209","-0,2472","31","gann_state_exit"
"tr_a15bddc6487a","3","2023-12-13T21:00:00+00:00","2023-12-15T04:00:00+00:00","short","short","2","21","12","-1","-0,01219","-0,018905","-0,00381468","5","6","0,00871328","-1,488608","0,00155594","-0,00243433","0,00663836","0,00108656","2","2,5","0,00389894","False","144,728","145,2923","58,6557","0,2287","worthwhile","66,26","66,54","0,9716","6,6757","0,0","31","gann_state_exit"
"tr_6e52a0b486ab","3","2023-12-19T05:00:00+00:00","2023-12-20T08:00:00+00:00","long","long","1","5","12","1","0,071619","0,015905","0,00739026","0","1","0,01360118","1,925349","0,00182933","0,00969891","0,01102573","0,0018794","2","4,649755","0,00850513","True","143,678","142,456","29,0456","0,247","worthwhile","-1,44","-1,3","-0,0208","1,0458","-0,9664","27","gann_state_exit"
"tr_37a8b6b07dd1","3","2023-12-21T03:00:00+00:00","2023-12-22T20:00:00+00:00","short","short","3","3","12","-1","-0,018476","-0,01519","-0,00223869","2","3","0,00584518","-0,438026","0,0016561","-0,00073882","0,00472915","0,00097807","2","2,5","0,00414332","False","143,26","143,8536","58,1034","0,2407","worthwhile","20,6","20,88","0,2993","2,3451","-0,2325","41","gann_state_exit"
"tr_1282f83dd7ac","3","2023-12-27T18:00:00+00:00","2023-12-28T23:00:00+00:00","short","short","2","18","12","-1","0,005952","-0,009762","-0,00301575","0","1","0,0045849","-0,091008","0,0012363","-0,00190907","0,0045849","0,00089016","1","2,622156","0,00324219","False","142,188","142,649","72,4126","0,2348","worthwhile","28,4","28,75","0,4114","4,1996","-0,0087","29","gann_state_exit"
"tr_5dbe6cc30fff","3","2024-01-02T14:00:00+00:00","2024-01-05T20:00:00+00:00","long","long","1","14","1","1","0,002619","0,005381","0,00474988","10","11","0,00787574","-0,364443","0,00174121","0,00589374","0,00766421","0,00089427","1","2,5","0,0043502","False","141,92","141,3026","43,2696","0,1882","worthwhile","58,36","58,57","0,8418","6,5681","-0,6803","78","gann_state_exit"
"tr_1e7301f75584","3","2024-01-10T02:00:00+00:00","2024-01-11T15:00:00+00:00","long","long","2","2","1","1","0,035714","0,042667","0,00310007","8","9","0,00832895","-1,006377","0,00170614","0,00562564","0,00778892","0,00100412","1","2,5","0,00425799","False","144,686","144,0699","57,2112","0,2436","worthwhile","18,98","19,26","0,2715","1,8602","-0,2532","37","gann_state_exit"
"tr_52a3a560c896","3","2024-01-11T16:00:00+00:00","2024-01-12T00:00:00+00:00","long","long","3","16","1","1","0,02081","-0,021667","0,0056551","0","1","0,01090613","1,781403","0,00159677","0,00435398","0,00823259","0,00152314","2","5,100122","0,00814348","True","146,252","145,061","28,5281","0,2323","bad","-13,73","-13,59","-0,1958","0,0","-0,8296","8","gann_state_exit"
"tr_bf1f6d44df8a","3","2024-01-22T03:00:00+00:00","2024-01-22T13:00:00+00:00","short","short","0","3","1","-1","-0,003143","-0,008429","-0,00154702","0","1","0,00653665","-1,084097","0,00154477","-0,00184683","0,00653665","0,00093623","3","2,5","0,00386846","False","147,838","148,4099","57,1683","0,2212","bad","-5,44","-5,16","-0,0778","0,1888","-0,8131","10","gann_state_exit"
"tr_f755cdb64fe4","3","2024-01-22T14:00:00+00:00","2024-01-22T23:00:00+00:00","short","short","0","14","1","-1","-0,020143","-0,010476","-0,00199156","0","1","0,0072894","-0,760446","0,00138717","-0,00147868","0,00544338","0,00079954","3","2,5","0,00347163","False","147,728","148,2409","71,5159","0,2483","ambiguous","-11,43","-11,08","-0,1634","0,2125","-0,8111","9","gann_state_exit"
"tr_de1a75a6f906","3","2024-01-23T05:00:00+00:00","2024-01-23T06:00:00+00:00","long","long","1","5","1","1","0,00719","0,011714","0,00201625","-1","9","0,00466186","-1,71103","0,00122627","0,00095217","0,00461464","0,00074036","3","2,514278","0,00307667","False","148,537","148,08","71,633","0,2204","bad","-21,92","-21,57","-0,314","0,0","-1,4792","1","stop"
"tr_cdebecb9b728","3","2024-01-23T08:00:00+00:00","2024-01-23T13:00:00+00:00","short","short","1","8","1","-1","-0,011","-0,006429","-0,00130793","2","3","0,00630721","-1,459588","0,00142188","-0,00125581","0,00630721","0,00081464","3","2,5","0,00356215","False","147,617","148,1428","57,487","0,2048","worthwhile","-14,53","-14,25","-0,2088","1,1049","-1,0345","5","stop"
"tr_8b93430e3c34","4","2024-01-23T18:00:00+00:00","2024-01-24T06:00:00+00:00","long","long","1","18","1","1","0,019","0,011524","0,00458443","1","2","0,01058026","-0,207107","0,00221124","0,00303984","0,01058026","0,00178001","2","2,5","0,00552549","False","148,554","147,7332","43,2054","0,2387","bad","-15,43","-15,22","-0,2223","0,1742","-0,9746","12","gann_state_exit"
"tr_a2a689a64c68","4","2024-01-24T15:00:00+00:00","2024-01-24T21:00:00+00:00","short","short","2","15","1","-1","-0,048619","-0,048524","-0,0056839","9","10","0,01164969","-1,547471","0,00139948","-0,00845472","0,01011541","0,0008069","1","2,634096","0,00369441","False","146,979","147,522","57,7356","0,2133","worthwhile","-15,06","-14,78","-0,2173","0,5912","-1,1363","6","stop"
"tr_ed271bf9c4f4","4","2024-01-31T16:00:00+00:00","2024-02-02T12:00:00+00:00","short","short","2","16","1","-1","-0,002714","-0,011429","-0,00172266","0","1","0,00562704","-2,01644","0,00135495","-0,00208376","0,00479993","0,00105452","5","3,87777","0,00526863","False","147,097","147,872","43,396","0,2286","worthwhile","7,7","7,91","0,1114","1,5484","-0,449","44","gann_state_exit"
"tr_2f9bbd6d788c","4","2024-02-02T15:00:00+00:00","2024-02-06T09:00:00+00:00","long","long","4","15","2","1","-0,009","0,012571","0,00163371","5","6","0,00832969","-3,642974","0,00119288","0,00270884","0,00616711","0,00051875","1","4,060458","0,00482262","False","147,223","146,513","43,3477","0,209","worthwhile","24,47","24,68","0,3535","2,3563","0,0","42","gann_state_exit"
"tr_2811cfd6824e","4","2024-02-06T17:00:00+00:00","2024-02-07T15:00:00+00:00","short","short","1","17","2","-1","-0,008667","-0,008429","-0,00168929","0","1","0,00421793","-0,988882","0,00098117","-0,00082808","0,00287709","0,00061326","3","2,5","0,00245534","False","148,268","148,632","86,39","0,2121","worthwhile","1,69","2,11","0,0243","1,5218","0,0","22","gann_state_exit"
"tr_d15bcbdaaec2","4","2024-02-12T10:00:00+00:00","2024-02-12T16:00:00+00:00","short","short","0","10","2","-1","-0,010524","-0,012952","-0,00157359","10","11","0,00378945","-0,76631","0,00086648","-0,00201474","0,00353459","0,00034532","1","2,5","0,00216767","False","148,997","149,32","86,369","0,1872","ambiguous","-13,48","-13,06","-0,194","0,2074","-1,0682","6","stop"
"tr_aa8d1439936a","4","2024-02-13T16:00:00+00:00","2024-02-14T21:00:00+00:00","long","long","1","16","2","1","0,047952","-0,003333","0,00708512","0","1","0,01034327","4,410714","0,00111675","0,00789913","0,0082693","0,00170922","2","6,940476","0,00775034","True","150,445","149,279","28,8456","0,2236","worthwhile","0,33","0,47","0,0047","0,3774","-0,084","29","gann_state_exit"
"tr_6b5bb58dc951","4","2024-02-20T16:00:00+00:00","2024-02-21T10:00:00+00:00","short","short","1","16","2","-1","0,000476","-0,010667","-0,00199665","3","4","0,0036336","-1,057554","0,00070608","-0,00134495","0,00337358","0,00048203","1","3,097122","0,00218849","False","149,875","150,203","86,5328","0,1894","worthwhile","-11,77","-11,35","-0,1697","0,5732","-0,8445","18","gann_state_exit"
"tr_cbf4ad062540","4","2024-02-22T15:00:00+00:00","2024-02-23T17:00:00+00:00","long","long","3","15","2","1","0,00719","0,007952","0,00129995","0","1","0,00404896","-0,418175","0,00087444","0,00078514","0,00296525","0,00048415","2","2,5","0,00218527","False","150,466","150,1372","86,6799","0,1894","worthwhile","-4,89","-4,47","-0,0706","0,9276","-0,4379","26","gann_state_exit"
"tr_415725ab95d4","4","2024-02-26T17:00:00+00:00","2024-02-27T04:00:00+00:00","long","long","0","17","2","1","0,015333","0,014476","0,00180321","6","7","0,00317829","-0,522005","0,00077538","0,00221443","0,00301241","0,00047734","1","2,5","0,00193763","False","150,773","150,4809","86,7412","0,1681","ambiguous","-10,98","-10,56","-0,1588","0,2293","-0,9653","11","gann_state_exit"
"tr_e8c329ecbb8e","4","2024-02-27T10:00:00+00:00","2024-02-27T17:00:00+00:00","short","short","1","10","2","-1","-0,007286","-0,012857","-0,00207382","7","8","0,00364471","-0,624941","0,00067048","-0,00222311","0,00343188","0,00038171","1","2,5","0,00167692","False","150,29","150,542","86,8791","0,1457","worthwhile","-10,54","-10,12","-0,1527","0,8491","-1,0316","7","stop"
"tr_31cfc21d4d09","4","2024-02-29T03:00:00+00:00","2024-03-01T04:00:00+00:00","short","short","3","3","2","-1","0,005238","0,005048","-0,00106327","0","1","0,00395832","-3,065904","0,00069103","-0,00035851","0,0021784","0,0003993","1","3,882838","0,00268889","False","150,248","150,652","87,0119","0,234","worthwhile","-5,17","-4,75","-0,075","2,5743","-0,3045","25","gann_state_exit"
"tr_e39e933d48fc","4","2024-03-05T17:00:00+00:00","2024-03-05T18:00:00+00:00","short","short","1","17","3","-1","-0,01719","-0,020714","-0,00243067","5","6","0,00379684","-2,687697","0,00070386","-0,0028561","0,00376353","0,00052132","3","3,264984","0,00230247","False","149,839","150,184","87,0772","0,2005","bad","-14,28","-13,86","-0,2073","0,0","-1,1275","1","stop"
"tr_61ab60e6b6ab","4","2024-03-12T06:00:00+00:00","2024-03-13T06:00:00+00:00","long","long","1","6","3","1","0,016429","0,003286","0,00439405","0","1","0,00636964","1,169208","0,0013344","0,00337594","0,00636964","0,00098455","3","2,511256","0,00335079","True","147,428","146,934","72,715","0,2437","worthwhile","-2,22","-1,87","-0,0322","1,5162","-0,7267","24","gann_state_exit"
"tr_e11465ea83d3","4","2024-03-14T16:00:00+00:00","2024-03-21T00:00:00+00:00","long","long","3","16","3","1","0,006619","-0,005714","0,0010925","10","11","0,00516071","-1,25","0,00108219","0,00093426","0,00359153","0,00062377","2","3,025","0,00326917","False","148,05","147,566","72,7385","0,2378","worthwhile","105,27","105,62","1,5315","7,7831","-0,2603","104","gann_state_exit"
"tr_0c4e7c6a4741","4","2024-03-26T18:00:00+00:00","2024-03-27T12:00:00+00:00","long","long","1","18","3","1","-0,002524","-0,006","0,00043346","2","3","0,00274796","-1,637427","0,00064547","-0,00062055","0,00217987","0,0003441","2","2,5","0,00161195","False","151,547","151,3027","85,9696","0,1386","worthwhile","-10,19","-9,77","-0,146","1,7439","-1,8462","18","stop"
"tr_78d540d74952","4","2024-03-27T13:00:00+00:00","2024-03-28T13:00:00+00:00","short","short","2","13","3","-1","0,015762","-0,01219","-0,00199325","0","1","0,00579383","-0,954545","0,00111428","-0,000284","0,00579383","0,00086222","1","3,557312","0,00396812","False","151,205","151,805","57,3969","0,2278","worthwhile","-7,3","-7,02","-0,1048","0,2967","-0,57","24","gann_state_exit"
"tr_fe47f4233c83","4","2024-04-03T12:00:00+00:00","2024-04-03T19:00:00+00:00","long","long","2","12","4","1","0,001095","0,002238","0,00121235","2","3","0,0023726","-0,868281","0,00053133","0,00027029","0,00194422","0,000264","2","2,5","0,00132768","False","151,804","151,6025","86,1856","0,1144","worthwhile","-8,48","-8,06","-0,1218","0,7442","-1,1213","7","stop"
"tr_64bd24b7863b","4","2024-04-04T16:00:00+00:00","2024-04-05T18:00:00+00:00","short","short","3","16","4","-1","-0,002714","-0,003095","-0,00055808","0","1","0,00276338","-1,109112","0,00054112","-0,00013848","0,0015103","0,00030412","3","2,876378","0,00155742","False","151,533","151,769","86,2907","0,1344","worthwhile","-0,42","0,0","-0,006","3,0508","-0,928","26","gann_state_exit"
"tr_ca7601519e8a","4","2024-04-08T03:00:00+00:00","2024-04-09T18:00:00+00:00","long","long","0","3","4","1","0,022667","0,027619","0,0018717","11","12","0,00619054","-0,648241","0,00087463","0,00276999","0,00434459","0,00056272","3","2,5","0,00218531","False","151,771","151,4393","86,2959","0,1886","worthwhile","-5,13","-4,71","-0,0738","0,5216","-0,603","39","gann_state_exit"
"tr_384000d707cc","4","2024-04-10T15:00:00+00:00","2024-04-12T06:00:00+00:00","long","long","2","15","4","1","0,004","0,011714","0,00071095","6","7","0,00241038","-1,525502","0,00040581","0,00073815","0,00166619","0,00021115","1","2,5","0,00101388","False","151,939","151,785","86,3596","0,0876","worthwhile","48,11","48,53","0,6925","8,9583","0,0","39","gann_state_exit"
"tr_15c3d129c6d5","4","2024-04-12T10:00:00+00:00","2024-04-12T15:00:00+00:00","long","long","4","10","4","1","0,000476","0,002286","0,00119888","0","1","0,00365349","-0,278011","0,00096215","0,00132615","0,00340558","0,00075933","4","2,5","0,0024047","False","153,321","152,9523","85,7657","0,2062","bad","-14,96","-14,54","-0,2139","0,0868","-1,4294","5","stop"
"tr_295f92029b19","4","2024-04-12T16:00:00+00:00","2024-04-12T21:00:00+00:00","short","short","4","16","4","-1","-0,006286","-0,019","-0,00268789","0","1","0,00387295","-0,55847","0,00085515","-0,00247334","0,00387295","0,0006729","3","3,113661","0,00266396","False","152,78","153,187","85,9495","0,229","bad","-16,44","-16,02","-0,2355","0,1155","-1,0786","5","stop"
"tr_91510ca6061a","4","2024-04-15T03:00:00+00:00","2024-04-17T12:00:00+00:00","long","long","0","3","4","1","0,006429","0,008524","0,00153627","1","2","0,00518561","-0,449416","0,00111757","0,0006527","0,00518561","0,00076368","5","2,5","0,00279248","False","153,388","152,9597","86,1524","0,2406","worthwhile","45,19","45,61","0,6489","3,2685","0,0","57","gann_state_exit"
"tr_8480e7e626f4","4","2024-04-19T05:00:00+00:00","2024-04-19T15:00:00+00:00","short","short","4","5","4","-1","0,015","-0,012381","-0,00207226","0","1","0,00468111","-1,894277","0,00095493","-0,00032407","0,00455792","0,00067511","2","4,562561","0,00436488","False","153,956","154,628","57,0647","0,2491","bad","-17,25","-16,97","-0,2461","0,0848","-0,9732","10","gann_state_exit"
"tr_96a172306670","4","2024-04-23T17:00:00+00:00","2024-04-23T20:00:00+00:00","short","short","1","17","4","-1","0,001095","-0,009571","-0,00117136","0","1","0,00207575","-0,639594","0,0004853","-0,00112391","0,00207575","0,00030092","1","3,757614","0,00182414","False","154,593","154,875","85,8082","0,1565","bad","-9,8","-9,38","-0,1401","0,0","-0,8759","3","gann_state_exit"
"tr_7040aebebc2d","4","2024-04-24T07:00:00+00:00","2024-04-29T10:00:00+00:00","long","long","2","7","4","1","0,003286","0,004048","0,0007199","11","12","0,00207297","-0,266092","0,00060673","0,00018085","0,00207297","0,00039331","2","2,5","0,00151656","False","154,877","154,6421","85,9286","0,1303","worthwhile","81,96","82,38","1,1738","22,8073","-0,4555","75","gann_state_exit"
"tr_95a7fd334d78","4","2024-04-29T10:00:00+00:00","2024-04-30T04:00:00+00:00","short","short","0","10","4","-1","0,02581","0,009952","-0,00623064","2","3","0,03354029","-3,000622","0,00438877","0,00139016","0,03296717","0,00478864","1","3,296621","0,01466138","False","154,965","157,237","14,1553","0,2075","bad","-11,94","-11,87","-0,169","0,0","-0,8486","18","gann_state_exit"
"tr_9807dd10eed5","4","2024-05-01T23:00:00+00:00","2024-05-06T04:00:00+00:00","short","short","2","23","5","-1","-0,015286","-0,025762","-0,00229387","6","7","0,00738506","-5,916996","0,00107104","-0,00171157","0,00626111","0,00098016","1","5,988142","0,0064545","False","156,48","157,49","28,3585","0,183","worthwhile","39,68","39,82","0,5627","4,5703","0,0","53","gann_state_exit"
"tr_e9a0a2cb9d3d","4","2024-05-13T18:00:00+00:00","2024-05-15T10:00:00+00:00","long","long","0","18","5","1","0,004429","0,004095","0,00104634","0","1","0,00293744","-0,334528","0,00076689","0,00043632","0,00287972","0,00041184","2","2,5","0,0019167","False","155,96","155,6611","98,6994","0,1892","worthwhile","12,68","13,17","0,1788","2,7665","0,0","40","gann_state_exit"
"tr_539944d16dee","4","2024-05-15T10:00:00+00:00","2024-05-16T17:00:00+00:00","short","short","2","10","5","-1","-0,003762","-0,00281","-0,00154965","2","3","0,00429424","-1,019771","0,00087859","-0,0011187","0,00391025","0,00054486","1","2,5","0,00219848","False","156,114","156,4572","98,5233","0,2166","worthwhile","28,23","28,72","0,3974","7,3249","-0,0262","31","gann_state_exit"
"tr_88220d572f6d","4","2024-05-20T15:00:00+00:00","2024-05-21T15:00:00+00:00","long","long","0","15","5","1","0,000524","0,016905","0,00081053","11","12","0,00468064","-1,68379","0,00088085","0,0010927","0,00443665","0,00030435","1","2,5","0,00219883","False","155,981","155,638","98,1334","0,2158","worthwhile","10,53","11,02","0,1477","1,6561","0,0","24","gann_state_exit"
"tr_86fc58f3889c","4","2024-05-22T14:00:00+00:00","2024-05-24T21:00:00+00:00","long","long","2","14","5","1","0,001714","0,020714","0,00145391","8","9","0,00450692","-1,062963","0,00073974","0,00305226","0,00431514","0,00037426","1","2,5","0,00184787","False","156,551","156,2617","97,9887","0,1811","worthwhile","17,48","17,97","0,2447","2,2296","-0,6948","55","gann_state_exit"
"tr_2ebae66e5b64","4","2024-05-28T06:00:00+00:00","2024-05-28T09:00:00+00:00","short","short","1","6","5","-1","-0,000143","-0,00181","-0,00091802","1","2","0,00213709","-1,003636","0,00058478","-0,00042086","0,00170967","0,00040123","4","2,5","0,00146282","False","156,661","156,8902","97,7495","0,143","bad","-10,8","-10,31","-0,1509","0,1745","-1,0211","3","stop"
"tr_7e1abf7e8b59","4","2024-05-28T12:00:00+00:00","2024-05-28T15:00:00+00:00","long","long","1","12","5","1","0,003","0,001667","0,00058555","2","3","0,00214825","-1,088889","0,00065568","0,00030608","0,0021355","0,00044458","4","2,5","0,001638","False","156,986","156,7289","97,8972","0,1604","bad","-12,06","-11,57","-0,1687","0,0","-1,2794","3","stop"
"tr_a4092e9f72b2","4","2024-05-28T16:00:00+00:00","2024-05-28T17:00:00+00:00","short","short","1","16","5","-1","-0,003429","-0,002381","-0,00135552","0","1","0,00238066","-0,541815","0,00068323","-0,00140854","0,00238066","0,00044195","3","2,5","0,00170873","False","156,619","156,8866","98,0626","0,1676","bad","-12,52","-12,03","-0,1754","0,0","-1,2854","1","stop"
"tr_572cc5fc5dba","4","2024-05-30T09:00:00+00:00","2024-05-31T11:00:00+00:00","short","short","3","9","5","-1","0,001905","-0,007762","-0,00344175","3","4","0,00516035","-0,641921","0,00090314","-0,00122806","0,0051285","0,00073006","1","2,5","0,00225918","False","156,873","157,2274","98,2349","0,2219","worthwhile","-12,96","-12,47","-0,1819","1,4108","-0,7901","26","gann_state_exit"
"tr_72eeb07bff05","4","2024-06-03T17:00:00+00:00","2024-06-05T07:00:00+00:00","short","short","0","17","6","-1","-0,019476","-0,024095","-0,00372102","5","6","0,00582182","-0,529216","0,00109767","-0,00360643","0,00533029","0,00079404","1","2,5","0,00274581","False","156,559","156,9889","84,3547","0,2316","worthwhile","40,52","40,94","0,5697","4,6734","0,0","38","gann_state_exit"
"tr_31949fdad450","4","2024-06-07T16:00:00+00:00","2024-06-12T00:00:00+00:00","long","long","4","16","6","1","0,037524","-0,026476","0,00813459","0","1","0,01121324","1,222046","0,00172764","0,0062837","0,01121324","0,00179159","1","5,216772","0,00901211","True","156,789","155,376","13,9795","0,126","worthwhile","1,94","2,01","0,0271","0,4345","-0,2583","56","gann_state_exit"
"tr_b4eb02c289b9","4","2024-06-12T16:00:00+00:00","2024-06-13T08:00:00+00:00","short","short","2","16","6","-1","-0,001524","-0,056524","-0,00701434","0","1","0,00856157","3,850299","0,0010694","-0,00774549","0,00856157","0,00172669","3","7,137725","0,00763315","True","156,161","157,353","27,9514","0,2134","worthwhile","-11,55","-11,41","-0,1614","0,37","-0,7508","16","gann_state_exit"
"tr_cd9343a7d943","4","2024-06-14T04:00:00+00:00","2024-06-14T06:00:00+00:00","long","long","4","4","6","1","0,008714","0,004524","0,00151941","0","1","0,01013333","-0,593313","0,00116864","0,0009997","0,00465001","0,00069515","2","2,5","0,00291953","False","157,315","156,8557","83,9897","0,2452","worthwhile","-18,07","-17,65","-0,2529","1,4457","-1,1061","2","stop"
"tr_ec1310b28e37","4","2024-06-18T09:00:00+00:00","2024-06-18T15:00:00+00:00","long","long","1","9","6","1","0,008095","0,005952","0,0011033","0","1","0,00509383","-1,046596","0,00074459","0,00115441","0,00281301","0,00042656","2","2,51013","0,00186753","False","157,963","157,668","98,2365","0,1835","worthwhile","-13,68","-13,19","-0,1919","0,9085","-1,139","6","stop"
"tr_65d2bfcb34b1","4","2024-06-28T03:00:00+00:00","2024-06-28T13:00:00+00:00","long","long","4","3","6","1","0,011952","0,012095","0,00122614","8","9","0,00366508","-1,284285","0,00079945","0,00171413","0,0033664","0,00046665","2","2,5","0,00199655","False","160,873","160,5518","98,4255","0,1965","worthwhile","-14,58","-14,09","-0,205","1,2703","-1,2796","10","stop"
"tr_3b44f0418e54","4","2024-06-28T16:00:00+00:00","2024-06-28T17:00:00+00:00","short","short","4","16","6","-1","-0,003524","-0,009333","-0,00241221","3","4","0,00622379","-1,308958","0,00109945","-0,00123824","0,00565686","0,00084632","1","2,5","0,00275262","False","160,28","160,7212","84,538","0,2327","bad","-16,96","-16,54","-0,239","0,0","-1,3282","1","stop"
"tr_dcb6bac8006d","4","2024-07-03T07:00:00+00:00","2024-07-03T17:00:00+00:00","long","long","2","7","7","1","-0,003286","0,001524","0,00091714","2","3","0,00295118","-1,012154","0,00070296","-0,00017321","0,00279032","0,00039475","2","2,5","0,00175612","False","161,747","161,463","98,8639","0,1736","worthwhile","-12,89","-12,4","-0,1821","0,7182","-3,429","10","stop"
"tr_57650a9edf8d","4","2024-07-03T18:00:00+00:00","2024-07-03T21:00:00+00:00","short","short","2","18","7","-1","0,004857","-0,035143","-0,00240914","0","1","0,0073018","-0,398653","0,00096401","-0,00099696","0,0073018","0,00065263","2","2,732701","0,0026354","False","161,266","161,691","84,895","0,2237","bad","-16,26","-15,84","-0,2301","0,0","-1,0376","3","stop"
"tr_ce1c13ec66fb","4","2024-07-05T06:00:00+00:00","2024-07-05T16:00:00+00:00","short","short","4","6","7","-1","-0,023238","-0,024667","-0,00180458","2","3","0,00577762","-1,230419","0,00097447","-0,00237992","0,00413752","0,00060768","2","2,5","0,00243914","False","160,771","161,1631","99,2726","0,2421","worthwhile","-17,61","-17,12","-0,2497","1,1016","-1,4153","10","stop"
"tr_70706c10265b","4","2024-07-08T05:00:00+00:00","2024-07-08T10:00:00+00:00","short","short","0","5","7","-1","0,002048","-0,006524","-0,00299048","10","11","0,00660167","-0,314309","0,00148752","-0,00166168","0,00619647","0,00087107","2","2,5","0,00372059","False","160,337","160,9335","56,8692","0,2116","bad","-15,16","-14,88","-0,2155","0,0","-1,041","5","stop"
"tr_eddb5692714d","4","2024-07-11T15:00:00+00:00","2024-07-12T16:00:00+00:00","short","short","3","15","7","-1","-0,004429","-0,000381","-0,00094361","3","4","0,00289096","-2,87988","0,00058898","-0,00123657","0,00208001","0,00033146","1","3,489489","0,00205876","False","161,262","161,594","99,7361","0,2053","worthwhile","107,14","107,63","1,5266","11,5512","0,0","25","gann_state_exit"
"tr_e1878352944b","4","2024-07-12T17:00:00+00:00","2024-07-16T04:00:00+00:00","short","short","4","17","7","-1","0,009667","-0,055714","-0,00538332","0","1","0,02776971","-2,022565","0,00273287","-0,00319251","0,01317103","0,00206937","2","3,282334","0,00902017","False","157,425","158,845","14,0338","0,1266","bad","-6,07","-6,0","-0,0853","0,1817","-0,7035","35","gann_state_exit"
"tr_d7e2298a7f04","4","2024-07-22T09:00:00+00:00","2024-07-25T18:00:00+00:00","short","short","0","9","7","-1","0,000952","-0,007143","-0,00307144","0","1","0,00577567","-0,431069","0,00119656","-0,002097","0,00439384","0,00084901","3","2,607704","0,00312191","False","156,955","157,445","70,2288","0,2192","worthwhile","107,03","107,38","1,5034","10,2347","-0,4429","81","gann_state_exit"
"tr_f024473d8297","4","2024-07-29T05:00:00+00:00","2024-07-29T16:00:00+00:00","short","short","0","5","7","-1","0,000286","-0,016619","-0,00433953","1","2","0,01070777","-0,870689","0,00258237","-0,00132774","0,01070777","0,00175268","3","2,5","0,00647055","False","153,093","154,0836","27,6755","0,1791","bad","-10,61","-10,47","-0,1469","0,0","-0,9509","11","gann_state_exit"
"tr_3ca2f4e06175","4","2024-08-07T05:00:00+00:00","2024-08-08T04:00:00+00:00","long","long","2","5","8","1","0,088143","-0,026","0,01437116","0","1","0,02789306","0,505102","0,00489758","0,00598495","0,02350432","0,00366679","4","3,040353","0,01488937","True","146,749","144,564","13,8581","0,2063","worthwhile","-5,17","-5,1","-0,0717","0,5295","-0,6023","23","gann_state_exit"
"tr_1c2ef30fd2f0","4","2024-08-21T00:00:00+00:00","2024-08-21T10:00:00+00:00","short","short","2","0","8","-1","-0,071714","-0,067333","-0,008102","10","11","0,01478029","-0,19656","0,00259172","-0,00742072","0,01478029","0,00176194","1","2,5","0,0064827","False","145,185","146,1262","27,736","0,1798","worthwhile","-10,79","-10,65","-0,1496","0,2667","-0,8436","10","gann_state_exit"
"tr_7b72f30f81eb","4","2024-08-21T21:00:00+00:00","2024-08-22T12:00:00+00:00","short","short","2","21","8","-1","-0,006905","-0,012238","-0,00491093","2","3","0,01361412","-0,364798","0,00256986","-0,00029632","0,01361412","0,00115014","2","2,5","0,00643077","False","144,932","145,864","27,7776","0,1786","ambiguous","-9,97","-9,83","-0,1385","0,2049","-0,7961","15","gann_state_exit"
"tr_3f676f90b605","4","2024-08-23T18:00:00+00:00","2024-08-26T19:00:00+00:00","short","short","4","18","8","-1","-0,010429","-0,063286","-0,00625411","0","1","0,01087353","-0,67704","0,00233939","-0,00689358","0,01055676","0,00202572","3","3,803196","0,00891139","False","144,983","146,275","27,8161","0,2479","worthwhile","6,21","6,35","0,0864","1,1889","0,0","25","gann_state_exit"
"tr_176430874c57","4","2024-08-29T15:00:00+00:00","2024-09-03T07:00:00+00:00","long","long","3","15","8","1","-0,006619","0,001","0,00103509","7","8","0,00677073","-1,836222","0,00169112","0,00081675","0,00444005","0,00084194","2","2,5","0,00421465","False","145,044","144,4327","55,5842","0,2343","worthwhile","40,64","40,92","0,5647","3,5432","-0,638","64","gann_state_exit"
"tr_bc780fec1e08","4","2024-09-03T16:00:00+00:00","2024-09-05T20:00:00+00:00","short","short","1","16","9","-1","-0,037238","-0,049095","-0,00527258","11","12","0,01094012","-1,261006","0,00177211","-0,00634804","0,01094012","0,0013184","1","2,827593","0,00502209","False","145,557","146,288","41,454","0,2082","worthwhile","43,96","44,17","0,6074","3,7031","-0,5021","52","gann_state_exit"
"tr_e8d9839b0d9e","4","2024-09-06T08:00:00+00:00","2024-09-06T15:00:00+00:00","short","short","4","8","9","-1","-0,033571","-0,015952","-0,00368944","11","12","0,00965768","-0,522119","0,00194213","-0,0040397","0,00965768","0,00158665","2","2,5","0,00486031","False","142,848","143,5423","41,2038","0,2003","worthwhile","-14,76","-14,55","-0,2028","1,2459","-1,727","7","stop"
"tr_8cdaee5f35d8","4","2024-09-06T18:00:00+00:00","2024-09-09T07:00:00+00:00","short","short","4","18","9","-1","0,004571","-0,046667","-0,00581364","0","1","0,01578208","-1,071931","0,00299307","-0,00682615","0,01449031","0,00213057","2","3,670837","0,0110226","False","141,981","143,546","13,7625","0,1517","bad","-5,6","-5,53","-0,0771","0,0204","-0,6435","13","gann_state_exit"
"tr_d27c526d6069","4","2024-09-10T17:00:00+00:00","2024-09-11T23:00:00+00:00","short","short","1","17","9","-1","0,007667","4,8E-05","-0,00192264","1","2","0,00798557","-1,465766","0,00175082","0,00132335","0,00697164","0,00118245","1","2,5","0,00438837","False","142,639","143,265","55,0924","0,2418","worthwhile","6,88","7,16","0,0948","3,0833","-0,147","30","gann_state_exit"
"tr_78d24983a92f","4","2024-09-18T23:00:00+00:00","2024-09-20T00:00:00+00:00","long","long","2","23","9","1","0,016095","-0,041952","0,00651607","0","1","0,01597877","-0,063745","0,00275339","0,00302091","0,01597877","0,00266753","6","3,401408","0,00936364","False","142,466","141,132","13,7601","0,1288","worthwhile","0,99","1,06","0,0136","1,1109","-0,4363","25","gann_state_exit"
"tr_d3a4683b0637","4","2024-09-20T12:00:00+00:00","2024-09-23T13:00:00+00:00","long","long","4","12","9","1","0,029857","0,03419","0,00869699","2","3","0,01536055","-0,326535","0,00293873","0,00036172","0,01489465","0,00204468","2","2,5","0,00733968","False","143,95","142,8935","27,5164","0,202","worthwhile","-4,65","-4,51","-0,064","0,5168","-0,4855","25","gann_state_exit"
"tr_3ece912af4a2","4","2024-09-24T09:00:00+00:00","2024-09-24T17:00:00+00:00","long","long","1","9","9","1","0,021476","0,01919","0,00433051","2","3","0,00898025","-1,160169","0,00219533","0,00323751","0,00819604","0,00115683","1","2,5","0,0054743","False","144,463","143,6722","41,301","0,2261","worthwhile","-16,77","-16,56","-0,2308","0,2769","-1,3037","8","stop"
"tr_25b68b66122a","4","2024-09-24T23:00:00+00:00","2024-09-25T11:00:00+00:00","short","short","1","23","9","-1","-0,012714","-0,015762","-0,00552382","5","6","0,01057658","-0,216374","0,00238758","-0,00272918","0,01018563","0,00128083","2","2,5","0,00597213","False","143,165","144,02","41,3966","0,2472","worthwhile","-15,37","-15,16","-0,212","0,3181","-0,8702","12","gann_state_exit"
"tr_1fd882268821","4","2024-09-27T03:00:00+00:00","2024-09-27T09:00:00+00:00","long","long","4","3","9","1","0,009524","0,005286","0,00347549","9","10","0,00802294","-0,357566","0,00221678","0,00104877","0,00760938","0,00129119","2","2,5","0,00553748","False","145,201","144,397","41,4845","0,2297","worthwhile","-16,96","-16,75","-0,2345","1,6044","-2,5683","6","stop"
"tr_ea1e6c14d345","4","2024-10-02T13:00:00+00:00","2024-10-04T07:00:00+00:00","long","long","2","13","10","1","0,016286","0,02481","0,00475451","7","8","0,01080658","-0,749597","0,00245978","0,00514893","0,00998863","0,00106388","1","2,5","0,00613804","False","144,532","143,6449","27,7214","0,1702","worthwhile","25,01","25,15","0,3467","3,0548","0,0","42","gann_state_exit"
"tr_5deef3e7c0ef","4","2024-10-04T16:00:00+00:00","2024-10-07T15:00:00+00:00","long","long","4","16","10","1","0,087905","-0,007905","0,01465354","0","1","0,01866851","5,109616","0,00192884","0,01313395","0,01866851","0,00322825","2","7,739412","0,01492708","True","148,656","146,437","13,8128","0,2062","ambiguous","-2,65","-2,58","-0,0366","0,2154","-0,2672","23","gann_state_exit"
"tr_7cdad41d79dc","4","2024-10-15T12:00:00+00:00","2024-10-15T14:00:00+00:00","short","short","1","12","10","-1","-0,023","-0,022476","-0,00406129","7","8","0,00632899","-1,632923","0,00108803","-0,00391342","0,00632899","0,00067707","1","2,5","0,00272496","False","148,888","149,2937","82,9072","0,2259","bad","-16,81","-16,39","-0,2322","0,0296","-1,1831","2","stop"
"tr_823e2f755ec9","4","2024-10-17T11:00:00+00:00","2024-10-18T15:00:00+00:00","long","long","3","11","10","1","0,019286","0,019905","0,00208247","1","2","0,00627604","-0,175732","0,00121578","0,00404229","0,00441993","0,00082924","2","2,5","0,00303877","False","149,81","149,3548","69,2502","0,2104","worthwhile","6,12","6,47","0,0847","1,1269","-0,7556","28","gann_state_exit"
"tr_14eb0a8f08c5","4","2024-10-21T17:00:00+00:00","2024-10-24T08:00:00+00:00","long","long","0","17","10","1","0,024333","0,026619","0,00430519","7","8","0,00711388","-0,790049","0,00130681","0,00357635","0,00703395","0,00081884","1","2,5","0,00326362","False","150,286","149,7955","69,1915","0,2258","worthwhile","63,01","63,36","0,872","5,9167","-0,1794","63","gann_state_exit"
"tr_2a40012edabe","4","2024-10-28T00:00:00+00:00","2024-10-28T16:00:00+00:00","long","long","0","0","10","1","0,025476","0,028571","0,00293752","11","12","0,00608607","-2,224228","0,0014375","0,00201963","0,00608607","0,00056771","1","5,348195","0,00763593","True","153,354","152,183","27,4374","0,2095","worthwhile","-9,73","-9,59","-0,1335","0,45","-0,807","16","gann_state_exit"
"tr_31098e71fb28","4","2024-10-31T09:00:00+00:00","2024-11-01T10:00:00+00:00","short","short","3","9","10","-1","-0,013143","0,001333","-0,00321747","2","3","0,00546974","-0,217054","0,0018086","-0,00142429","0,00546974","0,0012487","2","2,5","0,00452334","False","152,779","153,4701","54,9481","0,2485","worthwhile","9,46","9,74","0,1299","1,4326","-0,3936","25","gann_state_exit"
"tr_21b6a3518a23","4","2024-11-01T23:00:00+00:00","2024-11-04T00:00:00+00:00","long","long","4","23","11","1","0,041762","0,043905","0,00384267","5","6","0,00836771","-0,392116","0,0019506","0,00652068","0,00836771","0,00142398","3","2,5","0,0048727","False","153,088","152,342","41,1576","0,2005","bad","-16,52","-16,31","-0,2267","0,0","-1,1127","1","stop"
"tr_2a6a99c32964","4","2024-11-04T03:00:00+00:00","2024-11-05T00:00:00+00:00","short","short","0","3","11","-1","-0,003048","-0,005238","-0,00444987","2","3","0,00857472","-0,919755","0,00204473","-0,00225039","0,00854841","0,00163204","4","2,5","0,00512153","False","151,787","152,5644","41,2511","0,2113","worthwhile","-7,11","-6,9","-0,0978","0,3242","-0,6316","21","gann_state_exit"
"tr_bd9ea827a796","4","2024-11-06T03:00:00+00:00","2024-11-07T09:00:00+00:00","long","long","2","3","11","1","0,024095","-0,044952","0,00707368","0","1","0,01071141","1,212098","0,00202314","0,00299085","0,01071141","0,00235406","2","5,297676","0,01071767","True","152,925","151,286","13,7638","0,1475","worthwhile","6,49","6,56","0,0893","1,0915","-0,0305","30","gann_state_exit"
"tr_eaf42079f80b","4","2024-11-11T10:00:00+00:00","2024-11-12T09:00:00+00:00","long","long","0","10","11","1","0,060476","0,055857","0,00567413","8","9","0,00993895","-0,572029","0,00169539","0,0079514","0,00993895","0,00108276","1","2,5","0,00423431","False","153,789","153,1378","55,0061","0,2329","worthwhile","-0,46","-0,18","-0,0064","0,4131","-0,5805","23","gann_state_exit"
"tr_59912c17a740","4","2024-11-12T11:00:00+00:00","2024-11-15T12:00:00+00:00","long","long","1","11","11","1","0,008095","0,001048","0,00184458","0","1","0,00922443","-0,620099","0,00124663","0,00095584","0,00420296","0,00079617","4","2,5","0,00311412","False","154,06","153,5802","68,762","0,2141","worthwhile","41,62","41,97","0,5723","5,6069","-0,2647","73","gann_state_exit"
"tr_5172cb9452f1","4","2024-11-19T10:00:00+00:00","2024-11-19T19:00:00+00:00","short","short","1","10","11","-1","-0,018905","-0,015905","-0,00143881","9","10","0,00984948","-2,736027","0,00163203","-0,00343097","0,00910526","0,0010354","1","3,255476","0,00533692","False","153,834","154,655","41,0224","0,2189","worthwhile","-16,17","-15,96","-0,2212","0,5907","-1,123","9","stop"
"tr_6633412a59a9","4","2024-11-25T02:00:00+00:00","2024-11-25T10:00:00+00:00","short","short","0","2","11","-1","-0,00481","-0,014095","-0,0037193","1","2","0,00723965","-0,79689","0,0019863","-0,00073899","0,00628604","0,00149114","6","2,5","0,00497369","False","153,905","154,6705","41,1133","0,2045","worthwhile","-12,73","-12,52","-0,1745","0,4651","-0,8518","8","gann_state_exit"
"tr_c2cb2f43c3c6","4","2024-11-26T07:00:00+00:00","2024-11-28T05:00:00+00:00","short","short","1","7","11","-1","-0,030571","-0,02319","-0,00319348","4","5","0,00871035","-0,940009","0,00201229","-0,00553343","0,00714379","0,00145898","3","2,5","0,00504034","False","153,547","154,3209","41,1851","0,2076","worthwhile","41,19","41,4","0,5654","3,9952","-0,8709","46","gann_state_exit"
"tr_33843e41c9ab","4","2024-11-29T03:00:00+00:00","2024-12-02T05:00:00+00:00","short","short","4","3","11","-1","-0,02419","-0,042429","-0,00716653","4","5","0,00994149","-0,659521","0,00126874","-0,00689196","0,00946999","0,00114633","1","3,962363","0,00503147","False","150,453","151,21","40,9536","0,2061","worthwhile","-3,28","-3,07","-0,0447","1,3078","-0,3091","26","gann_state_exit"
"tr_974c47552280","4","2024-12-02T18:00:00+00:00","2024-12-03T06:00:00+00:00","short","short","0","18","12","-1","0,026524","0,012333","-0,00279639","1","2","0,00860079","-1,312903","0,00206846","0,00175794","0,00854074","0,00117284","2","2,519355","0,00522544","False","149,461","150,242","40,9719","0,2141","worthwhile","-13,08","-12,87","-0,1787","0,3137","-0,8681","12","gann_state_exit"
"tr_61ea7c42202a","4","2024-12-03T16:00:00+00:00","2024-12-04T01:00:00+00:00","short","short","1","16","12","-1","-0,011857","-0,013381","-0,0072164","0","1","0,01311352","0,739758","0,00206146","-0,00497333","0,00967391","0,00156812","2","2,76676","0,00570369","True","148,851","149,7","41,0452","0,2341","bad","-17,26","-17,05","-0,2362","0,1119","-1,0012","9","stop"
"tr_d2406d6061b6","4","2024-12-04T09:00:00+00:00","2024-12-05T05:00:00+00:00","long","long","2","9","12","1","0,01","0,004048","0,0040328","6","7","0,01063277","-0,684592","0,00227861","-0,00027991","0,01017946","0,00171655","2","2,5","0,00568757","False","150,244","149,3895","41,1424","0,234","worthwhile","1,57","1,78","0,0215","1,155","-0,2926","20","gann_state_exit"
"tr_50a3dfb1f37f","4","2024-12-06T16:00:00+00:00","2024-12-09T11:00:00+00:00","short","short","4","16","12","-1","0,011667","-0,021381","-0,00404976","0","1","0,00700245","-0,027746","0,0016857","-0,00313722","0,00700245","0,00136251","2","3,694224","0,00622774","False","149,653","150,585","27,4224","0,1708","bad","-10,46","-10,32","-0,1434","0,0161","-0,9335","19","gann_state_exit"
"tr_0c29cff455b5","4","2024-12-09T14:00:00+00:00","2024-12-11T07:00:00+00:00","long","long","0","14","12","1","0,029238","0,048857","0,00359743","4","5","0,00888425","-1,031161","0,00134037","0,00415699","0,00588075","0,00059198","1","2,5","0,00334627","False","150,701","150,1967","68,6543","0,2297","worthwhile","27,46","27,81","0,3771","2,9368","-0,002","41","gann_state_exit"
"tr_1ae017e508b5","4","2024-12-11T12:00:00+00:00","2024-12-12T06:00:00+00:00","long","long","2","12","12","1","0,044238","-0,025762","0,00671094","0","1","0,01198593","1,795458","0,00181302","0,00656633","0,01123927","0,00175969","2","6,065543","0,01099614","True","152,69","151,011","13,6793","0,1504","bad","-2,28","-2,21","-0,0311","0,0983","-0,4586","18","gann_state_exit"
"tr_87fd77b9db94","4","2024-12-13T02:00:00+00:00","2024-12-17T13:00:00+00:00","long","long","4","2","12","1","0,015619","0,023762","0,00223846","5","6","0,00638959","-0,992275","0,00173697","0,001549","0,00638959","0,00099471","3","2,5","0,0043349","False","152,857","152,1944","54,7342","0,2373","worthwhile","25,28","25,56","0,3459","2,4479","-0,323","59","gann_state_exit"
"tr_7f2f2716071d","4","2024-12-18T21:00:00+00:00","2024-12-20T10:00:00+00:00","long","long","2","21","12","1","0,011619","0,012905","0,00101268","9","10","0,00605004","-3,259158","0,00125152","0,00193585","0,0049181","0,00075858","1","3,285149","0,00409467","False","154,347","153,715","54,5456","0,2233","worthwhile","63,02","63,3","0,8594","5,6677","-0,0253","37","gann_state_exit"
"tr_232cbfaa9921","4","2024-12-30T16:00:00+00:00","2024-12-31T17:00:00+00:00","short","short","0","16","12","-1","-0,004381","0,004762","-0,00264767","2","3","0,00455986","-0,71264","0,00097137","-0,00231899","0,00392478","0,00057809","2","2,5","0,00243013","False","157,35","157,7324","94,6414","0,23","worthwhile","24,69","25,18","0,3338","3,4704","-0,0105","25","gann_state_exit"
"tr_973d21b3e4ba","4","2025-01-06T12:00:00+00:00","2025-01-06T13:00:00+00:00","long","long","0","12","1","1","0,024095","0,025095","0,00247004","10","11","0,00605434","-0,573519","0,00123804","0,0035373","0,00605434","0,00068248","1","2,5","0,00309286","False","157,852","157,3638","67,3761","0,2084","ambiguous","-15,93","-15,58","-0,2146","0,2274","-1,4051","1","stop"
"tr_7aaa7f08bdba","4","2025-01-06T14:00:00+00:00","2025-01-07T02:00:00+00:00","short","short","0","14","1","-1","0,030952","0,002952","-0,00256629","0","1","0,00692099","-1,465532","0,0014237","-0,00125159","0,00692099","0,00115442","2","4,870213","0,0069483","False","156,873","157,963","27,0084","0,1877","worthwhile","-11,27","-11,13","-0,1522","0,5817","-0,8615","12","gann_state_exit"
"tr_e3fdcf4542ec","4","2025-01-07T02:00:00+00:00","2025-01-07T11:00:00+00:00","long","long","1","2","1","1","0,001714","0,001524","0,00240026","0","1","0,01092931","-0,780512","0,00180314","0,00015851","0,01092931","0,00161849","2","2,5","0,00450145","False","157,965","157,2539","54,0992","0,2435","worthwhile","-14,05","-13,77","-0,19","0,6343","-0,7932","9","gann_state_exit"
"tr_c77b7668d98a","4","2025-01-09T15:00:00+00:00","2025-01-09T19:00:00+00:00","short","short","3","15","1","-1","-0,02319","-0,027048","-0,00327501","11","12","0,00573707","-0,860876","0,00117821","-0,00364445","0,00552153","0,00055155","1","2,5","0,00294854","False","157,584","158,0486","81,3032","0,2397","bad","-18,13","-17,71","-0,2457","0,0","-1,1902","4","stop"
"tr_952712083aff","4","2025-01-10T16:00:00+00:00","2025-01-10T17:00:00+00:00","long","long","4","16","1","1","0,040381","-0,001","0,00328479","-1","1","0,00823074","0,485104","0,00139116","0,00280821","0,00789646","0,00122529","3","3,005829","0,00418122","True","158,566","157,903","54,3356","0,2272","bad","-17,13","-16,85","-0,2326","0,0","-2,0166","1","stop"
"tr_b1bfac32faee","4","2025-01-10T17:00:00+00:00","2025-01-14T00:00:00+00:00","short","short","4","17","1","-1","0,024762","-0,010476","-0,00200382","0","1","0,00826159","-1,505026","0,00161946","-0,0007275","0,00792606","0,00148196","4","4,237528","0,00687935","False","157,573","158,657","27,2312","0,1873","worthwhile","1,04","1,18","0,0142","0,6089","-0,3801","31","gann_state_exit"
"tr_7d1208caaec2","4","2025-01-15T09:00:00+00:00","2025-01-17T11:00:00+00:00","short","short","2","9","1","-1","-0,027714","-0,018952","-0,004059","2","3","0,00698461","-1,12018","0,00141272","-0,00307922","0,00635542","0,0007746","1","2,5","0,00353744","False","157,095","157,6507","68,0683","0,2408","worthwhile","44,03","44,38","0,5994","3,8131","-0,2105","50","gann_state_exit"
"tr_9ead515c7227","4","2025-01-27T11:00:00+00:00","2025-01-28T05:00:00+00:00","short","short","0","11","1","-1","-0,009476","-0,040619","-0,00574273","0","1","0,01117729","-0,874626","0,00215203","-0,00844955","0,00984942","0,00158426","3","3,198973","0,00689735","False","154,842","155,91","27,0651","0,1867","worthwhile","-9,38","-9,24","-0,127","1,0562","-0,7762","18","gann_state_exit"
"tr_d9c103412ac5","4","2025-02-05T02:00:00+00:00","2025-02-06T13:00:00+00:00","short","short","2","2","2","-1","-0,037714","-0,047667","-0,00556566","8","9","0,00982911","-0,529053","0,00152063","-0,00695174","0,00966043","0,0008795","1","2,5","0,00380469","False","154,008","154,594","54,199","0,2062","worthwhile","38,0","38,28","0,5149","3,7495","0,0","35","gann_state_exit"
"tr_a22e0bf56fa2","4","2025-02-06T17:00:00+00:00","2025-02-07T14:00:00+00:00","short","short","3","17","2","-1","-0,010857","-0,01881","-0,002891","1","2","0,01155712","-1,127991","0,00176591","-0,00135897","0,00711966","0,00105081","2","2,5","0,00442364","False","151,809","152,4805","53,9214","0,2385","worthwhile","-9,66","-9,38","-0,1303","1,2687","-0,5614","21","gann_state_exit"
"tr_e980f1176691","4","2025-02-07T18:00:00+00:00","2025-02-07T19:00:00+00:00","short","short","4","18","2","-1","-0,005857","-0,00181","-0,00266993","0","1","0,01279511","-1,458947","0,00194237","-1,321E-05","0,00972349","0,00111935","2","2,747854","0,00535259","False","150,955","151,763","40,4938","0,2167","bad","-16,22","-16,01","-0,219","0,0","-1,1188","1","stop"
"tr_54d4650a8a07","4","2025-02-10T10:00:00+00:00","2025-02-10T16:00:00+00:00","long","long","0","10","2","1","0,001238","0,003429","0,00400372","8","9","0,00985753","-1,004095","0,00236925","7,887E-05","0,00985753","0,00129402","2","2,5","0,00590899","False","152,532","151,6307","40,5826","0,2398","bad","-18,08","-17,87","-0,2446","0,0","-1,0474","6","stop"
"tr_c90d6308a6dc","4","2025-02-11T17:00:00+00:00","2025-02-13T13:00:00+00:00","long","long","1","17","2","1","0,025857","0,024905","0,00239915","4","5","0,00634291","-1,367968","0,00116159","0,00172989","0,00567316","0,00061874","2","2,5","0,00289932","False","152,54","152,0977","81,3642","0,2359","worthwhile","48,39","48,81","0,6562","5,1033","-0,658","44","gann_state_exit"
"tr_757e8c5fc4c0","4","2025-02-25T17:00:00+00:00","2025-02-26T05:00:00+00:00","short","short","1","17","2","-1","-0,008048","-0,019095","-0,00438031","7","8","0,00799008","-1,187094","0,00191421","-0,00272073","0,00799008","0,0012374","1","2,5","0,00479649","False","148,844","149,5579","40,4169","0,1939","worthwhile","-12,87","-12,66","-0,1734","0,2997","-0,8824","12","gann_state_exit"
"tr_760ca6821c2d","4","2025-02-27T11:00:00+00:00","2025-02-28T04:00:00+00:00","long","long","3","11","2","1","0,006667","-0,015048","0,00425565","0","1","0,00839584","-0,592826","0,00191536","0,00068844","0,00764108","0,0012634","2","2,545666","0,00487027","False","149,889","149,159","40,4871","0,1972","worthwhile","-12,09","-11,88","-0,1631","0,3753","-0,8397","17","gann_state_exit"
"tr_19e6c17a8627","4","2025-02-28T09:00:00+00:00","2025-03-03T09:00:00+00:00","long","long","4","9","2","1","0,006619","0,007476","0,00301084","0","1","0,00946383","-0,356239","0,00220759","0,00128126","0,00708454","0,00152791","2","2,5","0,00551457","False","150,165","149,3369","40,5533","0,2236","worthwhile","5,75","5,96","0,0777","1,0385","0,0","24","gann_state_exit"
"tr_ca830059f5a0","4","2025-03-03T13:00:00+00:00","2025-03-03T17:00:00+00:00","long","long","0","13","3","1","-0,004714","-0,011905","0,00341009","0","1","0,01276178","-0,568653","0,00214512","0,00100206","0,00715323","0,00120752","2","2,5","0,00535619","False","151,027","150,2181","40,5218","0,217","worthwhile","-16,41","-16,2","-0,2216","0,3424","-1,167","4","stop"
"tr_e78d607314f8","4","2025-03-03T22:00:00+00:00","2025-03-05T00:00:00+00:00","short","short","0","22","3","-1","-0,023762","-0,022857","-0,00277027","4","5","0,00903815","-2,095945","0,00213388","-0,00370663","0,00903815","0,00147423","3","2,5","0,00535873","False","149,578","150,3795","40,6118","0,2176","worthwhile","-3,46","-3,25","-0,0468","1,8514","-0,3768","26","gann_state_exit"
"tr_1c21baebebbf","4","2025-03-10T13:00:00+00:00","2025-03-11T12:00:00+00:00","short","short","0","13","3","-1","-0,029","0,001571","-0,00360946","9","10","0,00852396","-0,757499","0,00255541","-0,00191845","0,00852396","0,00159228","2","2,5","0,006401","False","146,945","147,8856","27,0872","0,1734","worthwhile","-4,93","-4,79","-0,0668","0,4274","-0,555","23","gann_state_exit"
"tr_060fb4188194","4","2025-03-11T16:00:00+00:00","2025-03-11T20:00:00+00:00","long","long","1","16","3","1","0,030143","0,027619","0,00507627","6","7","0,00944067","-0,822373","0,00218075","0,00342249","0,00944067","0,00115192","1","2,5","0,00544203","False","148,032","147,2264","40,658","0,2213","bad","-16,67","-16,46","-0,2259","0,1092","-1,255","4","stop"
"tr_b3978023d940","4","2025-03-14T09:00:00+00:00","2025-03-18T22:00:00+00:00","long","long","4","9","3","1","0,034762","0,036048","0,00402868","5","6","0,00833159","-0,918075","0,00174605","0,00215996","0,00833159","0,0010199","1","2,5","0,00435809","False","148,711","148,0629","54,3334","0,2368","worthwhile","13,74","14,02","0,1866","1,8902","-0,6974","61","gann_state_exit"
"tr_ba10664ca72c","4","2025-03-19T09:00:00+00:00","2025-03-19T10:00:00+00:00","long","long","2","9","3","1","-0,005857","-0,005571","0,00271868","0","1","0,00588216","-0,693681","0,00154963","-0,00010014","0,00558838","0,00090005","2","2,5","0,00386985","False","149,938","149,3578","54,2321","0,2099","bad","-15,87","-15,59","-0,2152","0,0","-1,3753","1","stop"
"tr_9ca94fb806d8","4","2025-03-19T16:00:00+00:00","2025-03-19T21:00:00+00:00","long","long","2","16","3","1","0,007238","0,008762","0,00297611","4","5","0,00618174","-0,91478","0,00167116","0,00249627","0,00618174","0,00109524","3","2,5","0,00417147","False","150,027","149,4012","54,3491","0,2267","bad","-17,09","-16,81","-0,2322","0,1933","-2,1747","5","stop"
"tr_9b442f676419","4","2025-03-19T22:00:00+00:00","2025-03-20T21:00:00+00:00","short","short","2","22","3","-1","0,03081","-0,025048","-0,00644871","0","1","0,00995767","0,845153","0,00213859","-0,00376858","0,00995767","0,00198139","4","3,427738","0,00733031","True","148,834","149,925","27,2378","0,1997","worthwhile","0,61","0,75","0,0083","0,5985","-0,1182","23","gann_state_exit"
"tr_68b709786204","4","2025-03-24T02:00:00+00:00","2025-03-25T16:00:00+00:00","long","long","0","2","3","1","0,021048","0,018905","0,00325803","6","7","0,00810274","-0,364554","0,00157712","0,00340104","0,00707987","0,00111124","2","2,5","0,00394049","False","149,667","149,0772","54,4711","0,2146","worthwhile","7,77","8,05","0,1059","2,1653","-0,3561","38","gann_state_exit"
"tr_674a3d8fd589","4","2025-03-27T12:00:00+00:00","2025-03-28T11:00:00+00:00","long","long","3","12","3","1","0,017095","0,017","0,00216743","1","2","0,0059949","-0,530394","0,00147699","0,00155591","0,00455427","0,00088894","2","2,5","0,00368954","False","150,748","150,1918","54,4135","0,2008","worthwhile","-9,7","-9,42","-0,1319","0,8324","-0,6527","23","gann_state_exit"
"tr_54c728c547bb","4","2025-03-28T17:00:00+00:00","2025-03-31T18:00:00+00:00","short","short","4","17","3","-1","-0,017714","-0,024952","-0,00325521","8","9","0,00765089","-1,923819","0,00131297","-0,00420321","0,00565009","0,00082798","1","3,675506","0,00483813","False","150,058","150,784","40,864","0,1977","worthwhile","10,5","10,71","0,1431","1,8705","-0,3747","25","gann_state_exit"
"tr_c210b08011c4","4","2025-04-03T00:00:00+00:00","2025-04-04T13:00:00+00:00","short","short","3","0","4","-1","0,029524","-0,024238","-0,00414821","0","1","0,0101429","-1,053802","0,00184999","-0,00351816","0,00930547","0,00152961","3","5,489912","0,01017627","False","148,974","150,49","13,6019","0,1384","worthwhile","17,97","18,04","0,2444","2,5013","0,0","37","gann_state_exit"
"tr_b2055262384e","4","2025-04-04T14:00:00+00:00","2025-04-04T19:00:00+00:00","short","short","4","14","4","-1","0,013619","-0,023286","-0,0078466","0","1","0,02116238","0,132138","0,00344191","-0,00220028","0,01039858","0,00273151","2","2,524645","0,00869002","True","145,109","146,37","27,1374","0,2358","bad","-17,4","-17,26","-0,2361","0,069","-1,3283","5","stop"
"tr_94622862cbf2","4","2025-04-07T17:00:00+00:00","2025-04-08T15:00:00+00:00","long","long","0","17","4","1","0,014524","0,031381","0,00804596","1","2","0,01959144","-0,57149","0,00449786","-0,00130394","0,01776218","0,00296126","4","2,5","0,01121567","False","147,434","145,7804","13,6008","0,1525","worthwhile","-3,66","-3,59","-0,0497","0,4324","-0,4016","22","gann_state_exit"
"tr_8679bc45f7a9","4","2025-04-16T06:00:00+00:00","2025-04-17T06:00:00+00:00","short","short","2","6","4","-1","-0,019","-0,016048","-0,00320975","5","6","0,0069787","-0,422584","0,00200626","-0,00420033","0,00638313","0,00117437","3","2,5","0,00501997","False","142,597","143,3128","40,8228","0,2049","worthwhile","0,36","0,57","0,0049","1,3732","-0,4945","24","gann_state_exit"
"tr_2377d8720138","4","2025-04-25T06:00:00+00:00","2025-04-28T15:00:00+00:00","long","long","4","6","4","1","0,001286","0,004667","0,00295933","3","4","0,00907883","-2,602417","0,00162605","0,00194123","0,0058264","0,00078592","2","3,221835","0,00521671","False","143,577","142,828","40,8208","0,213","worthwhile","-4,52","-4,31","-0,0615","0,6048","-0,47","33","gann_state_exit"
"tr_015e0f59fa7c","4","2025-04-28T17:00:00+00:00","2025-04-29T15:00:00+00:00","short","short","0","17","4","-1","-0,018","-0,029429","-0,00431581","4","5","0,00673031","-1,484964","0,0018261","-0,00306569","0,00578681","0,00125849","3","2,858939","0,00523498","False","142,694","143,441","40,8459","0,2138","worthwhile","-1,41","-1,2","-0,0192","0,9612","-0,253","22","gann_state_exit"
"tr_1bb5934995fa","4","2025-04-30T10:00:00+00:00","2025-05-02T14:00:00+00:00","long","long","2","10","4","1","-0,001762","-0,001762","0,00227141","3","4","0,00550568","-0,781518","0,00159743","-0,00053976","0,00550568","0,00100969","2","2,5","0,00398855","False","142,76","142,1906","54,4717","0,2173","worthwhile","52,39","52,67","0,7135","5,5549","-0,4426","52","gann_state_exit"
"tr_750afe3e8420","4","2025-05-19T03:00:00+00:00","2025-05-20T06:00:00+00:00","short","short","0","3","5","-1","0,001286","0,000143","-0,00294887","1","2","0,00813154","-1,167895","0,00186887","-0,00019963","0,00813154","0,00120748","2","2,5","0,00468245","False","144,918","145,5966","40,5644","0,1899","worthwhile","-4,57","-4,36","-0,0618","0,3743","-0,8768","27","gann_state_exit"
"tr_5f89a36e58da","4","2025-05-20T08:00:00+00:00","2025-05-22T19:00:00+00:00","short","short","1","8","5","-1","-0,011667","0,002286","-0,00209961","1","2","0,00912507","-0,410031","0,00171837","-0,00082134","0,00558142","0,00103484","2","2,5","0,00429902","False","144,662","145,2839","54,1193","0,2327","worthwhile","20,68","20,96","0,2798","2,986","-0,5033","59","gann_state_exit"
"tr_6a8920946fca","4","2025-05-23T14:00:00+00:00","2025-05-26T13:00:00+00:00","short","short","4","14","5","-1","-0,024095","-0,007619","-0,00318483","8","9","0,01064357","-2,765592","0,00143249","-0,00270586","0,0082791","0,00077299","1","2,877579","0,00413857","False","142,803","143,394","53,9683","0,2234","worthwhile","-2,55","-2,27","-0,0344","0,9712","-0,4755","23","gann_state_exit"
"tr_58327cee6fea","4","2025-05-27T04:00:00+00:00","2025-05-27T07:00:00+00:00","short","short","1","4","5","-1","0,002952","-0,004333","-0,00401254","1","2","0,00600928","-0,322105","0,00111283","-0,00202009","0,00553135","0,00081903","2","2,551579","0,00284053","False","142,227","142,631","80,9803","0,23","bad","-17,5","-17,08","-0,2362","0,1584","-1,5693","3","stop"
"tr_3284de73a96c","4","2025-05-27T08:00:00+00:00","2025-05-28T13:00:00+00:00","long","long","1","8","5","1","-0,002714","-0,01519","0,00153132","0","1","0,00678296","-1,389344","0,00113866","-0,00026593","0,00643996","0,00096155","2","4,303279","0,00489216","False","143,086","142,386","40,586","0,1986","worthwhile","23,52","23,73","0,3182","2,4071","-0,1543","29","gann_state_exit"
"tr_d10a3148e4fd","4","2025-05-28T16:00:00+00:00","2025-05-29T16:00:00+00:00","long","long","2","16","5","1","0,005905","0,004","0,00232171","0","1","0,01671787","-0,98059","0,00179944","0,00096969","0,00635224","0,00110161","2","2,5","0,00449061","False","144,773","144,1229","53,943","0,2422","worthwhile","-9,72","-9,44","-0,1311","2,3303","-0,5584","24","gann_state_exit"
"tr_dd485bfbc6f7","4","2025-06-02T04:00:00+00:00","2025-06-03T07:00:00+00:00","short","short","0","4","6","-1","-0,008857","-0,014476","-0,00357264","3","4","0,00697376","-0,363426","0,00185947","-0,0016623","0,00677173","0,00108055","2","2,5","0,00465189","False","143,439","144,1063","40,5104","0,1884","worthwhile","5,38","5,59","0,0727","1,5871","-0,3087","27","gann_state_exit"
"tr_d964fe168ebf","4","2025-06-10T05:00:00+00:00","2025-06-10T09:00:00+00:00","long","long","1","5","6","1","0,026571","0,003762","0,0045989","6","7","0,00745445","-0,370937","0,00139428","0,00415472","0,00745445","0,00110722","3","3,269195","0,00455576","False","145,091","144,43","53,9746","0,2459","bad","-18,64","-18,36","-0,2515","0,0","-1,0061","4","stop"
"tr_420714d56633","4","2025-06-11T21:00:00+00:00","2025-06-13T12:00:00+00:00","short","short","2","21","6","-1","-0,013286","-0,016286","-0,00376365","5","6","0,00789466","-0,369501","0,00190999","-0,00194049","0,00789466","0,00129277","1","2,5","0,00477842","False","144,424","145,1141","40,583","0,1939","worthwhile","12,72","12,93","0,1721","2,3634","-0,3883","39","gann_state_exit"
"tr_87cc29ed55ba","4","2025-06-16T22:00:00+00:00","2025-06-18T12:00:00+00:00","long","long","0","22","6","1","0,010714","0,025476","0,00330137","1","2","0,00760714","-0,605769","0,00171243","0,00081671","0,00760714","0,00104934","4","2,5","0,00427658","False","144,753","144,134","54,0178","0,231","worthwhile","5,57","5,85","0,0752","1,113","-0,6526","38","gann_state_exit"
"tr_d7c852fe5a0c","4","2025-06-18T21:00:00+00:00","2025-06-18T22:00:00+00:00","short","short","2","21","6","-1","-0,023905","-0,026333","-0,0023094","11","12","0,00755095","-2,214304","0,00125109","-0,00285195","0,0062867","0,0006645","1","2,633973","0,00330454","False","144,347","144,824","67,4715","0,223","bad","-24,65","-24,3","-0,3327","0,0","-1,8407","1","stop"
"tr_a4178f569c1b","4","2025-06-20T16:00:00+00:00","2025-06-23T20:00:00+00:00","long","long","4","16","6","1","-0,001857","-0,007476","0,00186134","1","2","0,00511697","-1,071615","0,00112806","-0,00083039","0,00418973","0,00067448","2","2,5","0,00281669","False","145,772","145,3614","81,236","0,2288","worthwhile","23,77","24,19","0,3218","5,4969","-0,0877","28","gann_state_exit"
"tr_af4da1d3cef7","4","2025-06-26T09:00:00+00:00","2025-06-27T04:00:00+00:00","short","short","3","9","6","-1","-0,027524","-0,031286","-0,00506725","11","12","0,00957517","-0,609375","0,00147488","-0,00675008","0,00957517","0,00089424","1","2,5","0,00369056","False","144,513","145,0463","67,4795","0,249","worthwhile","-5,5","-5,15","-0,0742","1,425","-0,555","19","gann_state_exit"
"tr_8b51efb3e5c5","4","2025-06-30T07:00:00+00:00","2025-07-01T22:00:00+00:00","short","short","0","7","6","-1","-0,009095","-0,00219","-0,00308457","6","7","0,00593538","-0,644461","0,0017645","-0,00182028","0,00593538","0,00089763","1","2,5","0,00441633","False","144,054","144,6902","54,0237","0,2386","worthwhile","8,74","9,02","0,118","2,155","-0,7199","39","gann_state_exit"
"tr_0548c906ca12","4","2025-07-03T15:00:00+00:00","2025-07-04T10:00:00+00:00","long","long","3","15","7","1","-0,01219","-0,004143","0,00148421","4","5","0,00556081","-2,572937","0,00103471","0,00070951","0,00409414","0,00046297","4","2,902111","0,00299482","False","144,249","143,817","80,94","0,2424","worthwhile","-0,71","-0,29","-0,0096","2,2338","-0,1528","19","gann_state_exit"
"tr_3fc9eea14145","4","2025-07-07T11:00:00+00:00","2025-07-09T14:00:00+00:00","long","long","0","11","7","1","0,038857","0,033048","0,00472878","6","7","0,00702479","-0,087111","0,00110685","0,00558891","0,00672865","0,00071827","3","2,5","0,00276681","False","145,216","144,8142","80,9477","0,224","worthwhile","58,53","58,95","0,7897","4,8932","0,0","51","gann_state_exit"
"tr_548fe740dd93","4","2025-07-16T18:00:00+00:00","2025-07-17T07:00:00+00:00","short","short","2","18","7","-1","-0,00681","-0,027238","-0,00310246","4","5","0,0110124","-4,162816","0,00148532","-0,00256632","0,0059541","0,00089987","1","5,908659","0,00883096","False","147,549","148,852","26,7712","0,2364","bad","-13,71","-13,57","-0,1835","0,046","-0,8534","13","gann_state_exit"
"tr_15eba8130692","4","2025-07-18T16:00:00+00:00","2025-07-18T20:00:00+00:00","short","short","4","16","7","-1","-0,004095","-0,006333","-0,00213575","0","1","0,0053721","-0,374214","0,00122483","-0,00177631","0,00399706","0,00075579","3","2,5","0,00306352","False","148,289","148,7433","80,4612","0,2465","ambiguous","-16,96","-16,54","-0,2275","0,2311","-0,9796","4","gann_state_exit"
"tr_4f95aa0253d3","4","2025-07-22T15:00:00+00:00","2025-07-23T11:00:00+00:00","short","short","1","15","7","-1","0,00119","-0,006286","-0,00251849","0","1","0,01005455","-0,609457","0,00129305","-0,00048211","0,00589686","0,00081246","2","2,584939","0,00334514","False","147,079","147,571","67,2038","0,2248","worthwhile","10,38","10,73","0,1395","1,7907","-0,2703","20","gann_state_exit"
"tr_4d1bd0947849","4","2025-07-23T14:00:00+00:00","2025-07-24T14:00:00+00:00","short","short","2","14","7","-1","-0,016333","-0,010857","-0,00267479","1","2","0,01195948","-0,699015","0,00208123","-0,00022534","0,00692571","0,00111818","2","2,5","0,00521072","False","146,196","146,9578","40,2661","0,2098","worthwhile","-8,11","-7,9","-0,1089","0,4463","-0,697","24","gann_state_exit"
"tr_c3be03a76d55","4","2025-07-29T10:00:00+00:00","2025-07-30T03:00:00+00:00","long","long","1","10","7","1","0,006048","-0,003333","0,00138512","0","1","0,00801928","-0,982545","0,0013226","0,00070749","0,00520479","0,00093256","2","2,825455","0,00373205","False","148,712","148,157","53,7467","0,2006","bad","-15,32","-15,04","-0,2058","0,1766","-1,2198","17","stop"
"tr_8c7a9dfeb3bd","4","2025-07-30T04:00:00+00:00","2025-07-30T15:00:00+00:00","short","short","2","4","7","-1","-4,8E-05","-0,013048","-0,00359932","0","1","0,00523447","0,186773","0,00141033","-0,00196833","0,00523447","0,00085401","3","2,5","0,00352588","True","148,055","148,577","67,3219","0,2374","worthwhile","-17,98","-17,63","-0,2422","0,4827","-1,5957","11","stop"
"tr_22a7da87c082","4","2025-07-30T16:00:00+00:00","2025-08-01T15:00:00+00:00","long","long","2","16","7","1","0,012667","-0,00419","0,00486645","0","1","0,00728912","0,188744","0,00149493","0,0019453","0,00728912","0,00120412","2","2,682859","0,00401043","True","148,862","148,265","53,9882","0,2165","worthwhile","43,7","43,98","0,5898","3,4422","-0,5695","47","gann_state_exit"
"tr_8829ad8a8ff4","4","2025-08-01T15:00:00+00:00","2025-08-05T12:00:00+00:00","short","short","4","15","8","-1","-0,005143","-0,004667","-0,00140783","2","3","0,0154532","-10,224242","0,00125281","-0,00053785","0,00423202","0,0007047","1","10,293182","0,01306288","False","148,589","150,53","13,4179","0,1753","worthwhile","6,67","6,74","0,0895","1,0144","-0,0371","45","gann_state_exit"
"tr_522c36cfe2a5","4","2025-08-06T12:00:00+00:00","2025-08-06T16:00:00+00:00","long","long","2","12","8","1","0,007095","0,000429","0,00230125","0","1","0,00828778","-0,143763","0,00127063","0,00097519","0,00366692","0,00071543","2","2,5","0,00317596","False","147,837","147,3675","67,0296","0,2129","bad","-13,85","-13,5","-0,1856","0,0085","-0,918","4","gann_state_exit"
"tr_5c39f67c60b7","4","2025-08-06T21:00:00+00:00","2025-08-06T23:00:00+00:00","short","short","2","21","8","-1","-0,010333","-0,013143","-0,00255622","5","6","0,00458432","-1,186213","0,0013512","-0,00206715","0,00458432","0,00084611","3","2,5","0,00338347","False","147,003","147,5004","67,1543","0,2272","bad","-17,28","-16,93","-0,2321","0,0","-1,2686","2","stop"
"tr_2e8cdb76f7d7","4","2025-08-07T09:00:00+00:00","2025-08-07T17:00:00+00:00","short","short","3","9","8","-1","-0,023667","-0,016286","-0,00166032","1","2","0,00615855","-1,308356","0,00153616","-0,00371388","0,00615855","0,00103141","3","2,5","0,00384819","False","146,977","147,5426","53,8484","0,2072","worthwhile","-15,67","-15,39","-0,2109","0,5021","-1,0007","8","stop"
"tr_6a1f6b0d9e9b","4","2025-08-08T12:00:00+00:00","2025-08-11T09:00:00+00:00","long","long","4","12","8","1","0,009429","-0,004571","0,00368866","3","4","0,0069016","-0,251659","0,00174935","0,00244421","0,00659004","0,00125825","3","2,5","0,00437138","False","147,714","147,0683","53,9622","0,2359","worthwhile","-5,57","-5,29","-0,0751","0,2927","-0,4662","21","gann_state_exit"
"tr_aebbe2fd9fbe","4","2025-08-11T14:00:00+00:00","2025-08-12T18:00:00+00:00","long","long","0","14","8","1","-0,007571","0,000905","0,00126125","0","1","0,00532027","-1,022887","0,00109848","-0,00054121","0,00374991","0,00067371","2","2,5","0,00274307","False","147,905","147,4993","81,0042","0,2222","worthwhile","9,91","10,33","0,1337","1,5134","-0,2884","28","gann_state_exit"
"tr_65b143bd297c","4","2025-08-21T13:00:00+00:00","2025-08-22T17:00:00+00:00","long","long","3","13","8","1","0,007476","0,011524","0,00289225","4","5","0,00641299","-0,826466","0,00122088","0,00347246","0,00558682","0,00069076","1","2,5","0,00304908","False","147,82","147,3693","80,896","0,2467","worthwhile","-18,85","-18,43","-0,2542","2,1277","-2,2453","28","stop"
"tr_d271caf5288d","4","2025-08-22T18:00:00+00:00","2025-08-25T16:00:00+00:00","short","short","4","18","8","-1","0,013952","-0,06481","-0,01188182","0","1","0,0134214","2,089702","0,00158692","-0,01007085","0,0134214","0,00269399","1","7,504904","0,01190987","True","146,853","148,602","13,517","0,161","bad","-3,73","-3,66","-0,0504","0,1572","-0,3859","22","gann_state_exit"
"tr_da37aabf858e","4","2025-08-27T07:00:00+00:00","2025-08-27T19:00:00+00:00","long","long","2","7","8","1","0,000952","0,003571","0,00282657","2","3","0,00643974","-0,61165","0,00119441","0,00091403","0,00547919","0,00054838","2","2,5","0,00298379","False","147,942","147,5006","81,143","0,2421","worthwhile","-18,46","-18,04","-0,2496","0,5482","-1,3615","12","stop"
"tr_9a2de4a9fd53","4","2025-08-28T06:00:00+00:00","2025-08-29T12:00:00+00:00","short","short","3","6","8","-1","-0,028667","-0,027286","-0,00337311","10","11","0,00673037","-0,753576","0,00128877","-0,0031751","0,00673037","0,00082993","1","2,5","0,00322509","False","147,098","147,5724","67,7884","0,2186","worthwhile","4,24","4,59","0,0575","0,919","-0,6408","30","gann_state_exit"
"tr_ef5129ae993d","4","2025-09-05T15:00:00+00:00","2025-09-08T01:00:00+00:00","short","short","4","15","9","-1","-0,023714","-0,012","-0,00137075","11","12","0,0052025","-3,292852","0,00083608","-0,00290655","0,00470992","0,00049812","1","3,760953","0,00315317","False","147,788","148,254","67,7495","0,2136","worthwhile","-16,13","-15,78","-0,2186","2,0815","-1,4721","10","stop"
"tr_cdc26d326f50","4","2025-09-11T17:00:00+00:00","2025-09-12T11:00:00+00:00","short","short","3","17","9","-1","0,009762","0,002524","-0,00182452","0","1","0,00743767","-1,58215","0,0011152","0,0001629","0,00643331","0,00086671","1","3,182556","0,0035555","False","147,096","147,619","67,8979","0,2414","ambiguous","-18,13","-17,78","-0,2462","0,2103","-1,5908","18","stop"
"tr_4ad34c4bc71c","4","2025-09-16T05:00:00+00:00","2025-09-18T00:00:00+00:00","short","short","1","5","9","-1","0,004","-0,003571","-0,00063081","0","1","0,00435685","-0,897687","0,0009223","-0,00106433","0,00255168","0,00049056","2","2,5","0,00230769","False","147,23","147,5698","95,2916","0,2199","worthwhile","12,47","12,96","0,1697","5,1359","-0,0854","43","gann_state_exit"
"tr_a2f7e5020377","4","2025-09-18T08:00:00+00:00","2025-09-19T09:00:00+00:00","long","long","3","8","9","1","0,025714","0,026762","0,00489913","10","11","0,01178604","-0,206001","0,00168178","0,00514837","0,01178604","0,0009656","1","2,5","0,00420294","False","147,261","146,6421","54,3601","0,2285","worthwhile","6,61","6,89","0,0898","1,6238","-0,3765","25","gann_state_exit"
"tr_9ab251bd4a1f","4","2025-09-19T15:00:00+00:00","2025-09-22T12:00:00+00:00","long","long","4","15","9","1","0,003381","0,001571","0,00268521","4","5","0,0095231","-0,472016","0,00142986","0,00096607","0,00678293","0,0009302","2","2,5","0,0035722","False","148,268","147,7384","67,8891","0,2425","ambiguous","-14,42","-14,07","-0,1958","0,2058","-0,8987","21","gann_state_exit"
"tr_74456e4eb4a1","4","2025-09-23T21:00:00+00:00","2025-09-24T06:00:00+00:00","short","short","1","21","9","-1","-0,00019","-0,010048","-0,00153264","0","1","0,00431624","-0,473684","0,00107285","-0,00079892","0,00294751","0,00059858","2","2,5","0,00268352","False","147,505","147,9008","81,6268","0,219","bad","-11,63","-11,21","-0,1582","0,0","-0,8211","9","gann_state_exit"
"tr_c1ac3a50e208","4","2025-09-24T09:00:00+00:00","2025-09-26T18:00:00+00:00","long","long","2","9","9","1","0,007857","0,013286","0,00162489","5","6","0,00339469","-0,739341","0,00099696","0,0018156","0,00339469","0,00057029","3","2,5","0,00249053","False","147,989","147,6204","95,3821","0,2376","worthwhile","70,4","70,89","0,9592","5,3395","0,0","57","gann_state_exit"
"tr_22333c77f451","4","2025-09-30T07:00:00+00:00","2025-10-01T06:00:00+00:00","short","short","1","7","9","-1","-0,006095","-0,009286","-0,00127131","0","1","0,00733254","-0,282765","0,00107155","-0,00041056","0,00252498","0,00048746","2","2,5","0,00267973","False","148,469","148,8669","80,9793","0,217","worthwhile","21,6","22,02","0,2916","2,051","0,0","23","gann_state_exit"
"tr_75665dc62c71","4","2025-10-01T08:00:00+00:00","2025-10-02T10:00:00+00:00","short","short","2","8","10","-1","-0,010524","-0,018714","-0,00306621","0","1","0,00879006","0,511945","0,00132382","-0,00203579","0,00458818","0,00097597","2","2,5","0,00330961","True","147,55","148,0383","67,2866","0,2227","worthwhile","12,76","13,11","0,1718","1,9679","0,0","26","gann_state_exit"
"tr_e856bcd72d7d","4","2025-10-06T00:00:00+00:00","2025-10-09T08:00:00+00:00","long","long","0","0","10","1","0,014333","0,014524","0,00070332","4","5","0,00809016","-1,797252","0,00133948","0,00074651","0,00490971","0,00067178","2","10,484812","0,01385674","True","149,458","147,387","13,4343","0,1862","worthwhile","19,68","19,75","0,2644","1,7103","-0,2018","80","gann_state_exit"
"tr_55a57a8f8359","4","2025-10-09T10:00:00+00:00","2025-10-09T16:00:00+00:00","long","long","3","10","10","1","0,006571","-0,003952","0,00292072","0","1","0,00913197","-0,09104","0,00150783","0,00163033","0,00498761","0,00088398","2","2,5","0,00376901","False","153,002","152,4253","53,5953","0,202","ambiguous","-15,47","-15,19","-0,2072","0,2376","-1,5382","6","stop"
"tr_02cc232d8c72","4","2025-10-10T18:00:00+00:00","2025-10-13T13:00:00+00:00","short","short","4","18","10","-1","-0,018524","-0,023238","-0,00324423","11","12","0,00761506","-1,49969","0,00151327","-0,00468733","0,00588347","0,00096112","1","2,578947","0,00391157","False","152,113","152,708","53,7066","0,2101","worthwhile","-2,07","-1,79","-0,0278","1,6084","-0,563","19","gann_state_exit"
"tr_14035b99021f","4","2025-10-23T03:00:00+00:00","2025-10-24T18:00:00+00:00","long","long","3","3","10","1","0,011333","0,014714","0,00163923","4","5","0,00386873","-1,056745","0,00117052","0,00125826","0,00356607","0,0006648","4","2,5","0,00292264","False","152,178","151,7332","80,5823","0,2355","worthwhile","22,79","23,21","0,3061","1,9943","-0,1282","39","gann_state_exit"
"tr_4729ad2b696e","4","2025-10-28T06:00:00+00:00","2025-10-29T11:00:00+00:00","short","short","1","6","10","-1","-0,037238","-0,03881","-0,00307969","8","9","0,00648703","-1,269698","0,00131215","-0,00341873","0,00610004","0,00085224","3","2,5","0,00328589","False","152,202","152,7021","66,947","0,22","worthwhile","3,86","4,21","0,0517","1,3237","-0,6838","29","gann_state_exit"
"tr_fe35032a535a","4","2025-10-29T21:00:00+00:00","2025-10-31T20:00:00+00:00","long","long","2","21","10","1","0,008905","0,001905","0,00177856","0","1","0,00659498","-1,210704","0,00166564","0,00147356","0,00659498","0,00120177","3","2,5","0,00415566","False","152,546","151,9121","53,53","0,2225","worthwhile","40,34","40,62","0,5399","2,9972","-0,6105","47","gann_state_exit"
"tr_34e51842cb72","4","2025-11-04T06:00:00+00:00","2025-11-05T11:00:00+00:00","short","short","1","6","11","-1","-0,004095","-0,002333","-0,00102324","1","2","0,00365383","-1,400549","0,00078775","-0,0001752","0,00365383","0,00045698","1","2,5","0,00197158","False","153,913","154,2165","93,1744","0,1837","worthwhile","17,89","18,38","0,2381","3,1438","-0,5668","29","gann_state_exit"
"tr_af0191e8c0d6","4","2025-11-11T16:00:00+00:00","2025-11-12T02:00:00+00:00","short","short","1","16","11","-1","0,006143","-0,010762","-0,00313385","0","1","0,00539103","0,093472","0,00104358","-0,00118216","0,00539103","0,00084029","1","2,667062","0,00278338","True","153,77","154,198","79,6741","0,2218","bad","-17,15","-16,73","-0,2278","0,0","-1,25","10","stop"
"tr_0090fbc39257","4","2025-11-12T06:00:00+00:00","2025-11-13T07:00:00+00:00","long","long","2","6","11","1","0,005476","0,007238","0,00171477","3","4","0,00537108","-0,993691","0,00097802","0,00098578","0,00504713","0,00086122","2","2,5","0,00244264","False","154,497","154,1196","93,1653","0,2276","worthwhile","14,07","14,56","0,1872","1,4548","-0,0053","25","gann_state_exit"
"tr_20d7accd1c2e","4","2025-11-14T15:00:00+00:00","2025-11-14T18:00:00+00:00","short","short","4","15","11","-1","0,005952","-0,01519","-0,00520518","0","1","0,00778873","1,498312","0,00137552","-0,00381474","0,00620238","0,00134524","2","4,041188","0,00555881","True","153,81","154,665","39,8533","0,2215","bad","-16,83","-16,62","-0,2236","0,0","-0,9988","3","stop"
"tr_838e6072c395","4","2025-11-18T12:00:00+00:00","2025-11-21T05:00:00+00:00","long","long","1","12","11","1","0,01881","0,016429","0,00120219","0","1","0,00619073","-0,829393","0,00114176","0,00218861","0,00361395","0,00060106","2","2,5","0,00285167","False","155,381","154,9379","79,8853","0,2278","worthwhile","74,62","75,04","0,9936","5,6737","-0,7402","65","gann_state_exit"
"tr_27abed36a912","4","2025-11-25T11:00:00+00:00","2025-11-26T12:00:00+00:00","short","short","1","11","11","-1","-0,007857","-0,012381","-0,00249997","8","9","0,00477325","-1,713693","0,00109998","-0,002276","0,00477325","0,00069571","1","2,916183","0,00321383","False","156,2","156,702","65,9162","0,2118","worthwhile","-8,88","-8,53","-0,1171","1,0916","-0,6434","25","gann_state_exit"
"tr_91a3232797bd","4","2025-12-04T10:00:00+00:00","2025-12-05T04:00:00+00:00","short","short","3","10","12","-1","-0,01381","-0,014143","-0,00084261","2","3","0,00574579","-1,234043","0,001211","-0,00112599","0,00378114","0,00060214","2","2,5","0,00303206","False","155,01","155,48","79,1921","0,2401","worthwhile","-1,08","-0,66","-0,0142","1,066","-0,4702","18","gann_state_exit"
"tr_b7ed9d64501a","4","2025-12-05T08:00:00+00:00","2025-12-05T12:00:00+00:00","short","short","4","8","12","-1","-0,015571","-0,010905","-0,00269324","0","1","0,00668167","-0,443763","0,00135555","-0,00138874","0,00467006","0,00090672","2","2,5","0,00339097","False","154,507","155,0309","66,0029","0,2238","worthwhile","-17,31","-16,96","-0,2285","0,3092","-1,2712","4","stop"
"tr_a86db801d6f3","4","2025-12-08T11:00:00+00:00","2025-12-10T18:00:00+00:00","long","long","0","11","12","1","0,011381","0,006857","0,00165451","1","2","0,00738782","-0,625401","0,00104958","0,00140488","0,00379687","0,00059737","2","2,5","0,00262219","False","155,495","155,0873","92,6156","0,2429","worthwhile","43,48","43,97","0,5753","3,5807","-0,2502","55","gann_state_exit"
"tr_1ae17c3c3f51","4","2025-12-10T22:00:00+00:00","2025-12-12T08:00:00+00:00","short","short","2","22","12","-1","-0,010571","-0,031667","-0,00284685","6","7","0,00582991","-2,876712","0,00102331","-0,00344381","0,00535635","0,0005191","1","5,490768","0,00563539","False","155,801","156,679","39,4654","0,2224","worthwhile","0,68","0,89","0,0089","0,9761","-0,4134","34","gann_state_exit"
"tr_b656ee9d0133","4","2025-12-15T08:00:00+00:00","2025-12-17T07:00:00+00:00","short","short","0","8","12","-1","-0,028","-0,027952","-0,00530967","4","5","0,00705643","-0,440788","0,00118529","-0,00547184","0,00705643","0,00072957","1","2,5","0,0029648","False","154,953","155,4124","78,9237","0,234","worthwhile","-7,88","-7,46","-0,1037","1,2103","-0,9708","47","gann_state_exit"
"tr_5a7121fe09f9","4","2025-12-17T08:00:00+00:00","2025-12-18T18:00:00+00:00","long","long","2","8","12","1","0,011095","0,012952","0,00308359","3","4","0,00561381","-1,098681","0,00144312","0,00203438","0,00501441","0,00090703","1","2,5","0,00360205","False","155,401","154,8412","65,838","0,2372","worthwhile","3,57","3,92","0,047","1,0254","-0,2126","34","gann_state_exit"
"tr_56942fc6bc1a","4","2025-12-19T05:00:00+00:00","2025-12-22T18:00:00+00:00","long","long","4","5","12","1","-0,001381","-0,001143","0,00157919","0","1","0,00444698","-0,780064","0,00114345","-0,00046822","0,00444698","0,0005907","2","2,5","0,00285604","False","155,977","155,5315","78,9685","0,2255","worthwhile","37,73","38,15","0,4965","4,0227","-0,55","37","gann_state_exit"
"tr_91697023ba9e","4","2025-12-30T10:00:00+00:00","2025-12-30T17:00:00+00:00","short","short","1","10","12","-1","-0,011333","-0,01381","-0,00158901","2","3","0,00393635","-0,365317","0,00112315","-0,00269176","0,00326961","0,00073674","2","2,5","0,00280905","False","155,916","156,354","78,5783","0,2207","worthwhile","-14,43","-14,01","-0,189","0,3927","-0,9224","7","gann_state_exit"
"tr_5b1025029754","4","2025-12-30T17:00:00+00:00","2026-01-02T05:00:00+00:00","long","long","1","17","12","1","0,005","0,002667","0,00183168","1","2","0,00437701","-1,201359","0,00107597","0,00031366","0,00381389","0,00070312","3","2,5","0,00268642","False","156,475","156,0546","91,8482","0,2467","worthwhile","8,71","9,2","0,1143","1,237","-0,5947","36","gann_state_exit"
"tr_29a36000f015","4","2026-01-02T08:00:00+00:00","2026-01-02T17:00:00+00:00","long","long","4","8","1","1","0,015952","0,014952","0,0016482","1","2","0,00446753","-0,599194","0,00090407","0,00176847","0,00302721","0,00062261","2","2,5","0,00225891","False","156,997","156,6424","91,7434","0,2072","bad","-16,43","-15,94","-0,2153","0,0113","-1,2266","9","stop"
"tr_ec88b76fad55","4","2026-01-05T02:00:00+00:00","2026-01-05T12:00:00+00:00","long","long","0","2","1","1","0,015857","0,005476","0,00148951","0","1","0,00319102","0,013784","0,00092416","0,00182495","0,00292351","0,00072222","5","2,5","0,00231027","True","157,011","156,6483","91,9413","0,2124","worthwhile","-16,79","-16,3","-0,2205","0,794","-1,2075","10","stop"
"tr_946a37aa2f66","4","2026-01-05T14:00:00+00:00","2026-01-06T17:00:00+00:00","short","short","0","14","1","-1","-0,01219","-0,013333","-0,00252352","3","4","0,00490991","-0,521676","0,00124838","0,00020436","0,00490991","0,0008755","4","2,5","0,00312302","False","156,518","157,0068","78,981","0,2467","worthwhile","3,34","3,76","0,044","0,8245","-0,9411","27","gann_state_exit"
"tr_09493ec3783e","4","2026-01-07T18:00:00+00:00","2026-01-08T10:00:00+00:00","long","long","2","18","1","1","-0,00119","-0,011952","0,00124639","0","1","0,00410388","-0,897129","0,00088928","0,00031922","0,0032614","0,00058118","2","2,842105","0,00252538","False","156,808","156,412","92,1041","0,2326","worthwhile","-15,79","-15,3","-0,2078","0,3737","-0,8611","16","gann_state_exit"
"tr_866d945910ed","4","2026-01-08T15:00:00+00:00","2026-01-12T13:00:00+00:00","long","long","3","15","1","1","0,002714","0,013143","0,00052443","3","4","0,00421763","-1,703098","0,00087294","-6,38E-05","0,00318396","0,00058363","2","2,5","0,00217908","False","156,958","156,616","92,2958","0,2011","worthwhile","39,07","39,56","0,5151","3,6459","-0,6637","46","gann_state_exit"
"tr_f49e09e399d3","4","2026-01-12T22:00:00+00:00","2026-01-14T13:00:00+00:00","long","long","0","22","1","1","0,00281","0,005571","0,00181545","3","4","0,00526748","-0,339215","0,00121171","1,265E-05","0,00436322","0,00105404","4","2,5","0,00302798","False","158,207","157,728","78,7052","0,2383","worthwhile","17,62","18,04","0,2311","2,6052","-0,6513","39","gann_state_exit"
"tr_9b4b82935546","4","2026-01-16T06:00:00+00:00","2026-01-19T12:00:00+00:00","short","short","4","6","1","-1","-0,016429","-0,013857","-0,00333856","1","2","0,00574287","-0,031126","0,00121917","-0,00298268","0,00574287","0,00085371","1","2,5","0,00304808","False","158,101","158,5829","78,5238","0,2393","worthwhile","5,85","6,27","0,0765","1,4007","-0,7242","30","gann_state_exit"
"tr_5fa1977ffce4","4","2026-01-23T08:00:00+00:00","2026-01-23T09:00:00+00:00","long","long","4","8","1","1","-0,010238","-0,01219","0,00117287","0","1","0,00451376","-1,523139","0,00110923","-0,00044739","0,00390226","0,0006138","2","2,5","0,00276836","False","158,896","158,4561","78,4637","0,2172","worthwhile","-17,15","-16,73","-0,2243","0,7479","-3,5714","1","stop"
"tr_d95a199b4193","4","2026-01-23T10:00:00+00:00","2026-01-27T04:00:00+00:00","short","short","4","10","1","-1","0,021952","-0,062095","-0,00161417","0","1","0,01199578","-0,778188","0,00171188","-0,00129891","0,01199578","0,00097238","3","3,868809","0,00663185","False","158,176","159,225","26,2134","0,1738","worthwhile","49,32","49,46","0,6464","4,6435","-0,1554","42","gann_state_exit"
"tr_6d7c0ee209da","4","2026-01-27T14:00:00+00:00","2026-01-28T18:00:00+00:00","short","short","1","14","1","-1","-0,017476","-0,00619","-0,0040674","2","3","0,01106478","-1,287936","0,00215156","-0,00046813","0,01106478","0,00158802","2","2,5","0,00539392","False","153,303","154,1299","39,0675","0,2107","worthwhile","-3,53","-3,32","-0,046","1,4597","-0,5224","28","gann_state_exit"
"tr_d6ddb8c3dbb3","4","2026-01-30T07:00:00+00:00","2026-02-05T18:00:00+00:00","long","long","4","7","1","1","0,026095","0,040619","0,00503767","4","5","0,00888089","-0,434285","0,00181008","0,00393287","0,00844562","0,00104581","2","2,5","0,0045216","False","154,049","153,3525","52,1139","0,2356","worthwhile","70,63","70,91","0,9201","4,7204","-0,4867","107","gann_state_exit"
"tr_e0b72f17cc44","4","2026-02-09T08:00:00+00:00","2026-02-12T16:00:00+00:00","short","short","0","8","2","-1","-0,013333","-0,013048","-0,00320325","4","5","0,00926493","-0,377223","0,00169269","-0,00280162","0,00926493","0,00096877","1","2,5","0,00423448","False","156,51","157,1727","51,6388","0,2187","worthwhile","84,12","84,4","1,0859","6,3962","-0,4044","80","gann_state_exit"
"tr_22a1927fbea1","4","2026-02-17T17:00:00+00:00","2026-02-17T22:00:00+00:00","long","long","1","17","2","1","-0,001619","-0,008952","0,00224112","0","1","0,0068686","-1,422777","0,0013924","-0,00035178","0,0068686","0,00098607","2","2,5","0,00347407","False","153,758","153,2238","63,855","0,2218","bad","-17,85","-17,5","-0,2279","0,1666","-1,0727","5","stop"
"tr_65d001dc1525","4","2026-02-24T09:00:00+00:00","2026-02-25T07:00:00+00:00","long","long","1","9","2","1","0,015571","0,016524","0,00200679","10","11","0,00847884","-2,691818","0,00135199","0,00118224","0,00703344","0,00085236","3","2,710909","0,00365179","False","155,54","154,972","64,0009","0,2337","worthwhile","5,88","6,23","0,0752","1,3046","-0,338","22","gann_state_exit"
"tr_e178384b6ceb","4","2026-02-25T11:00:00+00:00","2026-02-26T05:00:00+00:00","long","long","2","11","2","1","0,016762","0,011095","0,003883","0","1","0,01135011","0,066295","0,00164064","0,00266225","0,00609733","0,00116933","2","2,5","0,00410136","True","156,307","155,6659","51,1622","0,2098","worthwhile","-9,8","-9,52","-0,1253","0,8065","-0,8611","18","gann_state_exit"
"tr_787d9023ed27","4","2026-02-27T02:00:00+00:00","2026-02-27T11:00:00+00:00","short","short","4","2","2","-1","0,002571","0,003619","-0,00197002","0","1","0,00678814","-0,757016","0,00133911","-0,00051943","0,00468369","0,00079491","2","2,5","0,00335122","False","155,7","156,2218","64,033","0,2146","worthwhile","-14,79","-14,44","-0,1894","0,3086","-0,9103","9","gann_state_exit"
"tr_dfc371c94ad2","4","2026-03-04T11:00:00+00:00","2026-03-05T10:00:00+00:00","short","short","2","11","3","-1","-0,020714","-0,019714","-0,00211409","5","6","0,00520959","-1,118852","0,00162399","-0,00152244","0,00491735","0,00083242","1","2,5","0,00406741","False","157,114","157,753","51,3236","0,2088","worthwhile","-4,25","-3,97","-0,0545","1,0344","-0,471","23","gann_state_exit"
"tr_332cc2259e7b","4","2026-03-12T18:00:00+00:00","2026-03-16T11:00:00+00:00","long","long","3","18","3","1","0,010667","0,006286","0,00221578","0","1","0,00863786","-0,290493","0,00118941","0,0016171","0,00419643","0,00077745","2","2,5","0,00297245","False","159,24","158,7667","77,0275","0,229","worthwhile","1,31","1,73","0,0169","1,069","-0,4944","41","gann_state_exit"
"tr_2404514d91b2","4","2026-03-16T15:00:00+00:00","2026-03-17T04:00:00+00:00","short","short","0","15","3","-1","-0,005524","0,000381","-0,00268189","6","7","0,00465037","-0,700966","0,00108479","-0,00259494","0,00405965","0,00070305","3","2,5","0,00271407","False","159,004","159,4355","89,8503","0,2439","worthwhile","-19,52","-19,03","-0,2506","0,3545","-1,0404","13","stop"
"tr_d4414a0ebbd2","4","2026-03-17T16:00:00+00:00","2026-03-18T15:00:00+00:00","short","short","1","16","3","-1","-0,008286","-0,004095","-0,00160584","1","2","0,00496752","-1,011111","0,00113184","-0,00145669","0,00365333","0,00076997","2","2,5","0,00283288","False","158,849","159,299","77,208","0,2187","worthwhile","-17,44","-17,02","-0,2245","0,6222","-1,3622","23","stop"
"tr_64a4128be9a9","4","2026-03-18T16:00:00+00:00","2026-03-19T13:00:00+00:00","long","long","2","16","3","1","0,016524","0,004381","0,00373165","2","3","0,00580757","-0,271991","0,0011068","0,00315833","0,00560061","0,0008359","1","3,037237","0,00336056","False","159,497","158,961","64,4847","0,2167","worthwhile","-11,25","-10,9","-0,1451","0,7481","-0,8545","21","gann_state_exit"
"tr_02357e746089","4","2026-03-19T16:00:00+00:00","2026-03-20T11:00:00+00:00","short","short","3","16","3","-1","-0,009667","-0,024476","-0,00461669","5","6","0,00836343","-1,660488","0,00127719","-0,00353672","0,00656363","0,00093528","1","3,577194","0,00457851","False","158,567","159,293","51,6627","0,2365","worthwhile","6,37","6,65","0,0822","1,4559","0,0","19","gann_state_exit"
"tr_bffa6712f981","4","2026-03-25T11:00:00+00:00","2026-03-27T07:00:00+00:00","long","long","2","11","3","1","0,016667","0,015524","0,00265149","9","10","0,00573088","-0,246363","0,00127532","0,00232413","0,00514648","0,0006555","2","2,5","0,00318727","False","159,19","158,6826","77,4303","0,2468","worthwhile","15,56","15,98","0,2008","1,2929","-0,9086","44","gann_state_exit"
"tr_15abfd8039d1","4","2026-03-27T10:00:00+00:00","2026-03-30T08:00:00+00:00","long","long","4","10","3","1","0,011048","0,006667","0,00129994","0","1","0,00350546","-0,602901","0,00098636","0,00163019","0,00314865","0,00053948","2","2,5","0,00246439","False","159,848","159,4541","90,1544","0,2222","worthwhile","-2,99","-2,5","-0,0385","1,5587","-0,4874","22","gann_state_exit"
"tr_a4ee269b1301","4","2026-03-30T15:00:00+00:00","2026-03-31T02:00:00+00:00","short","short","0","15","3","-1","-0,014952","-0,018476","-0,00342433","9","10","0,00659491","-0,774809","0,00140782","-0,00405826","0,00659491","0,00079989","3","2,5","0,00352344","False","159,341","159,9024","64,4208","0,227","bad","-15,18","-14,83","-0,1956","0,0214","-0,8336","11","gann_state_exit"
"tr_dad5b71b0483","4","2026-03-31T16:00:00+00:00","2026-04-02T00:00:00+00:00","short","short","1","16","3","-1","-0,003476","-0,001905","-0,0022894","1","2","0,00404096","-0,229283","0,00106731","-0,00047666","0,00393429","0,0006842","2","2,5","0,00266896","False","159,327","159,7522","90,3658","0,2412","worthwhile","22,96","23,45","0,2964","2,4716","0,0","31","gann_state_exit"
"tr_c462e19a0fc4","4","2026-04-06T02:00:00+00:00","2026-04-06T08:00:00+00:00","long","long","0","2","4","1","0,00681","-0,004667","0,00076434","0","1","0,00351332","-1,044047","0,00068382","2,505E-05","0,00236726","0,00033863","4","3,1413","0,00214651","False","159,794","159,451","90,0988","0,1934","bad","-10,36","-9,87","-0,1334","0,0292","-0,7755","6","gann_state_exit"
"tr_769fc9a21c59","4","2026-04-06T11:00:00+00:00","2026-04-06T17:00:00+00:00","short","short","0","11","4","-1","0,004667","-0,010476","-0,00184573","5","6","0,00304285","-0,547208","0,00088283","-0,00105917","0,00304285","0,00050817","5","2,835533","0,00250454","False","159,311","159,71","90,2191","0,226","bad","-18,07","-17,58","-0,2328","0,0","-1,0276","6","stop"
"tr_703e7c613b43","4","2026-04-07T03:00:00+00:00","2026-04-07T11:00:00+00:00","long","long","1","3","4","1","0,000857","0,006143","0,00109614","9","10","0,00328752","-1,016009","0,0008382","0,00043853","0,00312471","0,00057784","1","2,5","0,0020937","False","159,833","159,4984","90,4297","0,1893","worthwhile","-15,26","-14,77","-0,1972","0,2988","-1,0519","8","stop"
"tr_5493c6b7e1a0","4","2026-04-07T17:00:00+00:00","2026-04-07T22:00:00+00:00","long","long","1","17","4","1","0,008619","0,004952","0,00131936","3","4","0,00392145","-0,328962","0,00081753","0,00073229","0,002902","0,00070731","2","2,5","0,00204324","False","159,935","159,6082","90,6083","0,1851","worthwhile","-14,91","-14,42","-0,193","0,2938","-1,1965","5","stop"
"tr_b26ec108ef88","4","2026-04-16T05:00:00+00:00","2026-04-16T11:00:00+00:00","short","short","3","5","4","-1","-0,008857","-0,013048","-0,00162246","3","4","0,00319992","-0,979308","0,00097125","-0,00130849","0,00319992","0,00057478","3","2,5","0,00243048","False","158,601","158,9865","90,7835","0,2206","worthwhile","-17,55","-17,06","-0,2276","0,8691","-1,1881","6","stop"
"tr_36594a843d9e","4","2026-04-16T16:00:00+00:00","2026-04-17T14:00:00+00:00","long","long","3","16","4","1","0,004143","0,003238","0,00200874","4","5","0,0055809","-0,243832","0,00103101","0,0014602","0,0054175","0,00067038","2","2,5","0,00257684","False","159,156","158,7459","90,9906","0,2345","worthwhile","-0,09","0,4","-0,0012","0,9119","-0,3584","22","gann_state_exit"
"tr_7a59e0092bcc","4","2026-04-17T16:00:00+00:00","2026-04-20T02:00:00+00:00","short","short","4","16","4","-1","-0,005095","-0,031762","-0,0056256","4","5","0,00797894","-0,966474","0,00098625","-0,00479332","0,00707626","0,0011595","1","5,850046","0,00577516","False","158,264","159,178","38,9964","0,2252","worthwhile","-14,47","-14,26","-0,1881","0,7319","-0,86","10","gann_state_exit"
"tr_ab7e84a8a5ab","4","2026-04-21T11:00:00+00:00","2026-04-22T12:00:00+00:00","long","long","1","11","4","1","0,002048","-0,00281","0,00160839","7","8","0,0040939","-1,252324","0,00093401","0,00112693","0,00292422","0,00061993","2","2,720103","0,00253761","False","159,205","158,801","91,1632","0,2313","worthwhile","6,14","6,63","0,08","1,0743","-0,4678","25","gann_state_exit"
"tr_ced3a4b2a16d","4","2026-04-23T03:00:00+00:00","2026-04-23T04:00:00+00:00","long","long","3","3","4","1","0,006048","0,009","0,00123817","8","9","0,00374943","-1,150259","0,00080673","0,00058972","0,0029406","0,00059818","2","2,5","0,00201494","False","159,641","159,3193","91,0903","0,1835","bad","-14,71","-14,22","-0,1914","0,0","-1,0663","1","stop"
"tr_47bc0903f12c","4","2026-04-24T06:00:00+00:00","2026-04-24T14:00:00+00:00","long","long","4","6","4","1","0,009238","0,011143","0,00130037","8","9","0,00341113","-0,498162","0,00089205","0,00071403","0,00330473","0,0004895","2","2,5","0,00222911","False","159,844","159,4877","91,265","0,2034","bad","-16,22","-15,73","-0,2114","0,0","-1,4229","8","stop"
"tr_bc4d83aa88d1","4","2026-04-28T07:00:00+00:00","2026-04-28T11:00:00+00:00","short","short","1","7","4","-1","0,003905","-0,013238","-0,00195026","0","1","0,0038661","0,156494","0,00084357","-0,00095461","0,00369637","0,00071574","2","3,658978","0,00308663","True","159,073","159,564","78,3929","0,242","bad","-18,02","-17,6","-0,2354","0,0815","-0,9633","4","gann_state_exit"
"tr_f365f67da45c","4","2026-04-28T11:00:00+00:00","2026-04-30T12:00:00+00:00","long","long","1","11","4","1","0,012952","0,006476","0,00185685","0","1","0,00399278","-0,4","0,00094021","0,00215459","0,00382354","0,00078502","3","2,5","0,00234962","False","159,6","159,225","91,6743","0,2154","worthwhile","-1,46","-0,97","-0,0191","2,9973","-0,4933","49","reverse"
